id,username,first_name,last_name,email,password,phone_num,address
0,huynt119,Nguyen,Huy,huy123@gmail.com,123456789,0987654321, 885 Tam Trinh
1,nbissett0,Nanice,Bissett,nbissett0@mozilla.org,zV5'#5e~F,8366382704,041 Fieldstone Way
2,rcastard1,Raleigh,Castard,rcastard1@admin.ch,tL7=t@u@,8681086243,45185 Commercial Place
3,epeasey2,Elihu,Peasey,epeasey2@netscape.com,"jO2,IKT&>q|",7565534939,8 Nevada Drive
4,mhaythornthwaite3,Meyer,Haythornthwaite,mhaythornthwaite3@ibm.com,eB5@4%2v>k,1705889919,105 Amoth Parkway
5,fgodlip4,Francisco,Godlip,fgodlip4@tripod.com,"aP7`.1U""",4876103431,9320 Chinook Pass
6,wwickmann5,Wilie,Wickmann,wwickmann5@yelp.com,sE6>Di~K@`j)Zm~,9681481273,96 Redwing Park
7,bmitchall6,Blancha,Mitchall,bmitchall6@wufoo.com,yO0|Keyu#4g1Ko,1194910183,88 Scott Terrace
8,kgrzesiewicz7,Kristy,Grzesiewicz,kgrzesiewicz7@scribd.com,lI6_<GL\>pv8C,8144254796,10 Evergreen Avenue
9,bdami8,Burg,Dami,bdami8@cornell.edu,cW5@X7n$2i_nmX,5535350182,64653 Burrows Crossing
10,mboyall9,Murray,Boyall,mboyall9@globo.com,gM2\c=r*Lq,4524318431,7197 Crowley Circle
11,hmordya,Horten,Mordy,hmordya@tripod.com,sE2@kVojd48AA,9414337429,831 Fremont Trail
12,mbrahamb,Mendel,Braham,mbrahamb@java.com,"vI8""dHCliu#Yyc})",9113831367,120 Lillian Alley
13,wmonumentc,Wendall,Monument,wmonumentc@meetup.com,dP4&|'#),3343616377,62 Chive Road
14,dreubeld,Delilah,Reubel,dreubeld@joomla.org,xL2$AE+h,6791793646,97 David Lane
15,eunitte,Elysia,Unitt,eunitte@un.org,eG7<O8.3kLvk,4929436095,945 Forest Road
16,jchatbandf,Jeniffer,Chatband,jchatbandf@reddit.com,rL9$aImz{,1886872371,23 Lotheville Trail
17,dabbissg,Dunc,Abbiss,dabbissg@accuweather.com,uI1|WOQdhk#MQ,1112772027,8193 Fairfield Alley
18,hdykesh,Harland,Dykes,hdykesh@smh.com.au,gM2.Gc'f{c7GWB,3078064120,0119 Rusk Lane
19,smundeei,Siusan,Mundee,smundeei@cpanel.net,"nP2@,?zZ6x#P`",1567730904,3811 Crest Line Point
20,apymarj,Agnes,Pymar,apymarj@hao123.com,sU7$Z@)k1s.(+a<,4044669425,4919 Steensland Avenue
21,mbromfieldk,Maye,Bromfield,mbromfieldk@dedecms.com,uI0}4>gPR~,5619613383,57 Rigney Place
22,zbaynesl,Zechariah,Baynes,zbaynesl@eventbrite.com,rM9+rpaxJ7s,1029318713,0 Mcguire Pass
23,amarlenm,Armstrong,Marlen,amarlenm@independent.co.uk,tW3&6xec9gynw,5042190618,5920 Cherokee Junction
24,rturfesn,Ravid,Turfes,rturfesn@list-manage.com,xY7\NCKpQ9a$pU,6129164606,812 Shopko Place
25,ehirsthouseo,Elinor,Hirsthouse,ehirsthouseo@nsw.gov.au,wA7!>hd{@bJsvuV9,2205689525,78 Summit Park
26,rjerkep,Reagan,Jerke,rjerkep@dagondesign.com,vH4*j(JO#(,9533931261,2 La Follette Avenue
27,etrainerq,Eartha,Trainer,etrainerq@soup.io,mW1.<2<l/,3682774007,1757 Huxley Hill
28,kgerhartzr,Kimmie,Gerhartz,kgerhartzr@washingtonpost.com,wR5\Bwee8H7eC,3551708957,20 Roxbury Alley
29,fjuarezs,Farlee,Juarez,fjuarezs@webeden.co.uk,"cL8""r9&~'@",3102928930,9 Old Gate Road
30,msideyt,Modesta,Sidey,msideyt@msn.com,"fR5+Hd8""7eUa",5345667221,75 Fallview Lane
31,givanchovu,Gaby,Ivanchov,givanchovu@ucoz.ru,mU4>@!~Z{agQb,3748231143,518 Sutteridge Crossing
32,kmanderv,Koren,Mander,kmanderv@deliciousdays.com,tU2&IF)dGX0Cfs,4186113198,912 Anniversary Street
33,cmcgallw,Clerkclaude,McGall,cmcgallw@un.org,sY0*`WU4,7073938758,1892 Mccormick Avenue
34,mdewarx,Marlena,Dewar,mdewarx@hao123.com,vY4+r*cm1+CB,8976779554,9 Monument Lane
35,fmanaghy,Franni,Managh,fmanaghy@netlog.com,yJ2&*k56,4182713976,1908 Swallow Avenue
36,mibbettz,Michele,Ibbett,mibbettz@techcrunch.com,uI0+8L8c1}5NnV,9721055267,484 Meadow Ridge Street
37,temblen10,Tamara,Emblen,temblen10@nba.com,iE9't1Pnc44E,1208382527,93578 Truax Crossing
38,jappleyard11,Joanna,Appleyard,jappleyard11@ehow.com,"rX2,S(qD#f",9845029541,11737 Kedzie Point
39,mkleinberer12,Marje,Kleinberer,mkleinberer12@buzzfeed.com,"hN0#90*<Ro,",5453637104,2647 Dayton Alley
40,ltwigley13,Lamond,Twigley,ltwigley13@slashdot.org,dD4`/eP.3_*<xXTZ,6767530818,96917 American Lane
41,bcarreyette14,Bertie,Carreyette,bcarreyette14@last.fm,yE3@Kcs6QU!f6',5434896761,929 Chive Hill
42,madney15,Melisse,Adney,madney15@geocities.com,mG1'DLHzG,4797061575,73675 Fisk Hill
43,jclimance16,Jehu,Climance,jclimance16@eepurl.com,jC6.Nb6}.Dpt1,1721030611,10759 Memorial Center
44,fpaffett17,Forrester,Paffett,fpaffett17@cdbaby.com,tH5?A&u+q,5718293632,47404 Carioca Drive
45,apitcher18,Anthony,Pitcher,apitcher18@seesaa.net,"nS8*',2'\R,",6715300417,50504 Ryan Court
46,cattwater19,Christoph,Attwater,cattwater19@wordpress.com,dT2(SzcI>'TLv,7998543256,5 South Street
47,ateffrey1a,Angy,Teffrey,ateffrey1a@com.com,zQ8#UxD8kGw,7197274480,4942 Westerfield Alley
48,mbraunstein1b,Mace,Braunstein,mbraunstein1b@bandcamp.com,tJ9{g}KayXUTd,5839802932,631 Eagle Crest Crossing
49,sthunnercliffe1c,Shurwood,Thunnercliffe,sthunnercliffe1c@cdc.gov,qD8&\O7t?58oS,9372931075,29931 7th Parkway
50,mdurek1d,Merrill,Durek,mdurek1d@mapy.cz,nZ0+a/(o_CHGr,8754638396,3788 Warrior Way
51,sorringe1e,Shaina,Orringe,sorringe1e@canalblog.com,"tU8)$""kdS622+fvy",9414934852,568 Blue Bill Park Hill
52,bmerriott1f,Bili,Merriott,bmerriott1f@friendfeed.com,bV4@.IGz3,1202228549,87362 Northview Way
53,nantonikov1g,Normand,Antonikov,nantonikov1g@ezinearticles.com,"cT8,j8wT<XT{<",9811086392,8936 5th Terrace
54,esainz1h,Ermanno,Sainz,esainz1h@seesaa.net,"jM1,g#2>nsGoxFL",9464729927,9 Esker Trail
55,fsnelle1i,Field,Snelle,fsnelle1i@over-blog.com,"xI0$""kR%+2+>ZI{O",4182698798,2176 Eagan Point
56,ghenric1j,Ganny,Henric,ghenric1j@umich.edu,"xZ6|I""53F?",2886183551,3629 Hauk Pass
57,caxe1k,Coretta,Axe,caxe1k@creativecommons.org,wW3<BS>V4wWJrg,5192431991,21 Almo Drive
58,thellin1l,Torey,Hellin,thellin1l@stanford.edu,sT0#|Rv.,8961224072,23636 Green Park
59,echaulk1m,Erwin,Chaulk,echaulk1m@comsenz.com,nE5_0(H_BYQs,7047757944,4305 Anderson Crossing
60,rtregale1n,Roberta,Tregale,rtregale1n@facebook.com,kO7~t4s{MA&,3072208115,40801 Stone Corner Road
61,gdesouza1o,Georg,Desouza,gdesouza1o@npr.org,jB4+Vc(umOY,1817681167,24 Northview Way
62,cbunny1p,Cariotta,Bunny,cbunny1p@vkontakte.ru,xV5_rOH1lB*we?,4929232562,706 Acker Street
63,tduesbury1q,Terri-jo,Duesbury,tduesbury1q@jalbum.net,fI2+|)}}ka/,8501534875,4160 Trailsway Street
64,eliptrod1r,Ervin,Liptrod,eliptrod1r@ox.ac.uk,fU7$)|SPl,5618414866,3 Rieder Court
65,iocleary1s,Irita,O'Cleary,iocleary1s@google.es,lF1|3ZN>,2584761431,4 Lighthouse Bay Pass
66,akingsworth1t,Arte,Kingsworth,akingsworth1t@webmd.com,wE3.P.>d$nMNLvg,5548672885,79313 Banding Avenue
67,tliddard1u,Tommie,Liddard,tliddard1u@shop-pro.jp,uD1<c~#Xj6hk,2654379371,82 Hollow Ridge Alley
68,rroyds1v,Raina,Royds,rroyds1v@globo.com,kT8~uMuad,8802587256,696 Texas Circle
69,mbroomer1w,Markos,Broomer,mbroomer1w@aboutads.info,tO3$aJvJ,3801505077,035 Steensland Street
70,vmumbray1x,Vic,Mumbray,vmumbray1x@foxnews.com,zK4{+&z>m9tyS,7877815177,93 Novick Point
71,cginman1y,Chucho,Ginman,cginman1y@nytimes.com,gH2='~Aqk*!P)jk,6554319700,4681 Tennyson Crossing
72,kvarley1z,Kiersten,Varley,kvarley1z@360.cn,nD6(u~2P#e+,8127456450,9 Buell Park
73,oiglesias20,Osgood,Iglesias,oiglesias20@nasa.gov,"cX0|g0DOa,LI'zE+",5184864373,37 Ridge Oak Hill
74,ghellwich21,Georges,Hellwich,ghellwich21@google.ru,sP5+4l/D6,5375025186,8106 Manufacturers Lane
75,amaccoll22,Abbi,MacColl,amaccoll22@latimes.com,cR7.@K#Pp`,5869457501,478 Maple Alley
76,srothchild23,Sascha,Rothchild,srothchild23@angelfire.com,dD2<_X6qS)?L9t,1283330182,9876 Forster Court
77,tdeppe24,Trever,Deppe,tdeppe24@barnesandnoble.com,pA6/X8H9fC?,7912939137,8 Starling Trail
78,rrowlett25,Rasla,Rowlett,rrowlett25@webs.com,lP8!4NyKodgI~,5474646593,9 Holy Cross Hill
79,wbage26,Wyatt,Bage,wbage26@barnesandnoble.com,nV6$I(3N_>(iss,5957663360,5 Bashford Crossing
80,hshapera27,Hermy,Shapera,hshapera27@slideshare.net,fL6'ZS8jt(Td$C0*,7034227441,4129 Pond Terrace
81,chenrie28,Christina,Henrie,chenrie28@moonfruit.com,yV4%1a%>@D,5325498298,77 7th Street
82,pdixsee29,Petey,Dixsee,pdixsee29@qq.com,lP8<qM}&ZL%H,3731614945,44135 Commercial Road
83,bsive2a,Brinn,Sive,bsive2a@zdnet.com,gN5/i/lg@DP',7914849092,04 Anthes Alley
84,vcrepin2b,Vere,Crepin,vcrepin2b@etsy.com,uU9#d(p3wjE,2846095744,44724 Sunbrook Junction
85,cfuidge2c,Corney,Fuidge,cfuidge2c@webmd.com,nI2`<$qxruj(6Nu3,3139568243,36 School Drive
86,mrigby2d,Maude,Rigby,mrigby2d@economist.com,zJ8>ah.vfLYBgx9,1482387898,6416 Dayton Center
87,fcodeman2e,Freddi,Codeman,fcodeman2e@zimbio.com,zZ8)~aY`,4486958419,310 Quincy Parkway
88,pedlin2f,Puff,Edlin,pedlin2f@craigslist.org,rB8?fc{/J%,3981942961,3128 Hanson Court
89,htownby2g,Hugues,Townby,htownby2g@gmpg.org,"dA7""xV?5}Yat,HV",5707026430,1744 Scofield Pass
90,jfreschi2h,Judas,Freschi,jfreschi2h@sogou.com,yO7%?ZWy`/,9515142154,037 Manitowish Way
91,rduiguid2i,Rochester,Duiguid,rduiguid2i@com.com,zM2!Y|iPns\F_quC,4059175214,8511 Clove Road
92,obenley2j,Oralia,Benley,obenley2j@salon.com,fY1/TP>lXX%q2,8852851673,3187 Graedel Lane
93,ccharopen2k,Cyrill,Charopen,ccharopen2k@icq.com,iN0}&q{H,3549537317,98 Crownhardt Street
94,dtoffanelli2l,Dunn,Toffanelli,dtoffanelli2l@wired.com,qY8!O3D#,8367352067,94 Montana Hill
95,crumble2m,Cash,Rumble,crumble2m@oracle.com,"qC5!,J#4BzI",6316352621,2 Delaware Crossing
96,ebeardshaw2n,Ellynn,Beardshaw,ebeardshaw2n@fc2.com,iE3+2Raof$!|/NRE,7779860032,73598 Blaine Hill
97,cskuce2o,Cecilius,Skuce,cskuce2o@acquirethisname.com,fI8&6Okxu*CC{|3,6851957007,306 Colorado Alley
98,aborkin2p,Anabella,Borkin,aborkin2p@reverbnation.com,rP4<kH*X~uq<N,6017701597,1187 Hayes Park
99,lkarpeev2q,Laurella,Karpeev,lkarpeev2q@hugedomains.com,wG6%NJbG|KnNJ4,1886205659,673 Morrow Crossing
100,ahyams2r,Aksel,Hyams,ahyams2r@feedburner.com,fM5}jpKFCnAe8!m},1086803337,9365 Almo Center
101,smacknight2s,Stevana,MacKnight,smacknight2s@e-recht24.de,sT9!a}|$xZfWTp6r,4809815852,1 Elgar Point
102,mblenkhorn2t,Margaretta,Blenkhorn,mblenkhorn2t@quantcast.com,gH4|(aTW,8492595196,546 Sycamore Terrace
103,adolling2u,Ase,Dolling,adolling2u@squidoo.com,zA3!/2bL2gwaA,3455145788,00994 Farragut Pass
104,abarrick2v,Aeriel,Barrick,abarrick2v@ed.gov,bS7=3dXx,5632885763,92769 Mosinee Point
105,gyorston2w,Gayleen,Yorston,gyorston2w@slideshare.net,jJ1>ZPztz1,6499245470,1585 Graceland Pass
106,bfoffano2x,Bud,Foffano,bfoffano2x@upenn.edu,bI0|?)QD@,3617467891,113 Buhler Crossing
107,ajeannesson2y,Abe,Jeannesson,ajeannesson2y@hostgator.com,"nS9""+sZMW",5697733220,3 Bayside Alley
108,bperillo2z,Brandi,Perillo,bperillo2z@twitpic.com,qU4`z5!C,3019107530,6 Cherokee Circle
109,cdupre30,Celinda,Dupre,cdupre30@wikispaces.com,cQ0>V9TVH,6469583082,62810 Judy Point
110,jforsyde31,Jobyna,Forsyde,jforsyde31@godaddy.com,eH1*#r/c8U(g<,4499026423,5 Mcguire Park
111,dfike32,Dena,Fike,dfike32@va.gov,dV8@4>4g),3209819740,368 Independence Plaza
112,scomford33,Syd,Comford,scomford33@msu.edu,dR8`)wa7r'(m~,6902797078,1061 Prentice Place
113,bbuck34,Betti,Buck,bbuck34@java.com,lA4{ZY>9k)Q$,9101091553,95419 Anniversary Road
114,hhaldin35,Honoria,Haldin,hhaldin35@blinklist.com,dH3$MX6?,4013275961,4127 Little Fleur Street
115,earger36,Emmey,Arger,earger36@infoseek.co.jp,qE9~%TT)w,7056351491,746 Crowley Plaza
116,nplaister37,Ninon,Plaister,nplaister37@over-blog.com,vQ7.$?9vhHqA&,7447707717,48 Hoepker Place
117,jgaskall38,Joelie,Gaskall,jgaskall38@typepad.com,vR4=rzh6%WxdI|,4824676530,711 La Follette Drive
118,rstaubyn39,Ruthie,St. Aubyn,rstaubyn39@walmart.com,aG0_?4*Z#tI=9_Z{,4333328173,6 Manitowish Drive
119,bcromblehome3a,Berni,Cromblehome,bcromblehome3a@cmu.edu,tS6}adVd,2708447283,4 Sommers Place
120,byerborn3b,Babette,Yerborn,byerborn3b@drupal.org,cE9){='/z0&+<Z,8948049778,7 Division Avenue
121,breeks3c,Benyamin,Reeks,breeks3c@yahoo.co.jp,jU3))8')V{eXyf8D,5964076253,395 Hanson Trail
122,rmclelland3d,Rupert,McLelland,rmclelland3d@nature.com,lH5+uUu*}}N,6894252534,1377 Logan Place
123,vhudless3e,Vernen,Hudless,vhudless3e@columbia.edu,tG1*l4o3O,8919689840,26907 Katie Center
124,obogaert3f,Orton,Bogaert,obogaert3f@google.cn,"wX5""dP*E50qD%M",9409734787,67 Merrick Circle
125,enaisbet3g,Elmore,Naisbet,enaisbet3g@cloudflare.com,sH4|5m/xX8Zs>m,9472474494,8109 Bowman Crossing
126,emaron3h,Edithe,Maron,emaron3h@123-reg.co.uk,"zN3'al""1DrS#V",3134424349,50 Meadow Valley Alley
127,cbenez3i,Cathie,Benez,cbenez3i@github.com,"nZ7_Xk,Fr)%72d6K",9804793357,46412 Drewry Court
128,ogirard3j,Owen,Girard,ogirard3j@java.com,bW0>>*AM,2682981448,84 Anderson Circle
129,cormston3k,Catlee,Ormston,cormston3k@wiley.com,cF2\JbLG>.,2569810719,7733 New Castle Place
130,kkinzett3l,Kinnie,Kinzett,kkinzett3l@upenn.edu,"uA2_)ks+X,kG<vO",1362787777,1 Coolidge Road
131,chinrich3m,Caril,Hinrich,chinrich3m@biblegateway.com,uX0<L+3Q,1182859279,311 Warbler Parkway
132,dblazewski3n,Dora,Blazewski,dblazewski3n@mit.edu,"vR1~{{fc\/HFk,V<",6189720408,55 Buell Parkway
133,rwessel3o,Robbert,Wessel,rwessel3o@cbslocal.com,oG2&>wfb$1g+MZ,8863000706,79914 Arizona Court
134,jbales3p,Justinn,Bales,jbales3p@engadget.com,vM2~{SW<PKu,8064161663,793 Gale Street
135,jcomusso3q,Jodee,Comusso,jcomusso3q@moonfruit.com,"dL9&1{WXZ>AGD'l""",8651961282,44 Messerschmidt Drive
136,bjennery3r,Brynn,Jennery,bjennery3r@oaic.gov.au,vW7$\!UlKg9+,8182225901,5029 Marcy Way
137,eetock3s,Ellerey,Etock,eetock3s@123-reg.co.uk,cC9=9g(Yoft,5375815251,2 Kinsman Avenue
138,egostick3t,Evelina,Gostick,egostick3t@globo.com,cM8}={\'A,7105750902,5 4th Way
139,grosendale3u,Gregorio,Rosendale,grosendale3u@live.com,nO8(odQG,5767541435,4 Eastwood Alley
140,kmence3v,Ker,Mence,kmence3v@fastcompany.com,aB9`.hHlBC',3102304794,933 Monterey Drive
141,zcordova3w,Zebulen,Cordova,zcordova3w@google.co.jp,hA7_6a}h6,6193668397,09 Judy Pass
142,epitkeathly3x,Edy,Pitkeathly,epitkeathly3x@multiply.com,xS4)2q@I`.8?>QMe,6353921208,87910 Bowman Alley
143,hganders3y,Hoyt,Ganders,hganders3y@fc2.com,qD3$H+C>x8G,2913230462,8130 Artisan Terrace
144,akonerding3z,Abigael,Konerding,akonerding3z@yolasite.com,dZ2)CP!~Qw,7456106118,088 Roth Hill
145,zgoucher40,Zara,Goucher,zgoucher40@ustream.tv,iE6&jD|a,1618763014,5 Dakota Park
146,dbaise41,Darrin,Baise,dbaise41@toplist.cz,"pY7,S47)=",7976217732,7826 Sutteridge Circle
147,kstrangman42,Keene,Strangman,kstrangman42@discovery.com,"xO2*,MqK|GN",9574454567,43 Vahlen Hill
148,klynock43,Kayle,Lynock,klynock43@amazon.de,zZ0@j\R`0uZB`t>,4821541066,4 Claremont Junction
149,rfieldhouse44,Rena,Fieldhouse,rfieldhouse44@deliciousdays.com,sE0=89hCgzFnZ,4249915895,1964 East Avenue
150,khebron45,Kimbra,Hebron,khebron45@economist.com,bI1>lF$7$i,9094733266,31868 Katie Junction
151,hantunes46,Hayden,Antunes,hantunes46@homestead.com,rC9.bbBvjvE?GE,3507655936,6787 Gina Avenue
152,mwalster47,Melinda,Walster,mwalster47@home.pl,rI7`kVfa?~,7296269782,80 Pankratz Terrace
153,kfandrich48,Kay,Fandrich,kfandrich48@home.pl,yT0*.XXn4_~A?s,9338627664,47 Moulton Trail
154,twildman49,Tannie,Wildman,twildman49@istockphoto.com,bB7\G+o7,9128001226,99 Oriole Crossing
155,cboc4a,Chiquita,Boc,cboc4a@networkadvertising.org,qV8}<sz~/|Fzrs>D,5186124398,736 Hovde Center
156,mbilovus4b,Misty,Bilovus,mbilovus4b@home.pl,xR7@h0\z4,4512020844,77568 Kings Hill
157,cenns4c,Conant,Enns,cenns4c@github.com,"hW9""""16cF",1566493045,3 Mendota Way
158,ckibbee4d,Cleo,Kibbee,ckibbee4d@bravesites.com,kP5!7JZ(ukdB%,2542685602,8309 Waubesa Pass
159,tcurrin4e,Tally,Currin,tcurrin4e@dion.ne.jp,cK0|C7H$cdu9W',2456284833,8 Maryland Park
160,lallabarton4f,Lita,Allabarton,lallabarton4f@mozilla.com,"wQ0,V\{*$*D,$j<6",5565666918,1 Eagan Point
161,eabramovic4g,Essa,Abramovic,eabramovic4g@nps.gov,"eO6<`<tSWUR,}B",5334848178,50896 Bonner Hill
162,clyttle4h,Chandler,Lyttle,clyttle4h@oracle.com,"wZ9(E\0p?SlA""8O",3854990204,85 Dixon Court
163,lhaney4i,Lila,Haney,lhaney4i@unc.edu,vY2_4nUH,9886521221,86322 Charing Cross Avenue
164,cmantione4j,Chrystal,Mantione,cmantione4j@yellowbook.com,"eK1%n4)6s"",Vf",4505614543,629 Forest Trail
165,cpirolini4k,Cornell,Pirolini,cpirolini4k@vistaprint.com,iZ4_N0vZ,3759439610,951 Mcbride Park
166,blaneham4l,Briney,Laneham,blaneham4l@simplemachines.org,mY5?S/X7ZS2A&OC,5404073784,1667 Susan Lane
167,agurnay4m,Aubert,Gurnay,agurnay4m@linkedin.com,"tC2""9TTKq",8463091076,3 Mosinee Junction
168,gnaisby4n,Glennis,Naisby,gnaisby4n@ifeng.com,bS1@0%f7b')@,8337700491,566 Wayridge Circle
169,mmcbeith4o,Madison,McBeith,mmcbeith4o@nifty.com,eA5~Gqn/,5884690457,73 Starling Park
170,fhedling4p,Fabe,Hedling,fhedling4p@ehow.com,"jD1(~.lNT,2m",6087808607,0202 Hagan Way
171,lsalmon4q,Ludwig,Salmon,lsalmon4q@mysql.com,pR2.36_<,2868095267,20492 Sullivan Crossing
172,fcicetti4r,Fidelio,Cicetti,fcicetti4r@php.net,lQ6`fOhK@N_=%,4055046634,42859 Bay Parkway
173,qpynn4s,Quincy,Pynn,qpynn4s@google.ru,lN4~`'{k1H?F,9184141827,54342 Vera Drive
174,rkeedy4t,Rurik,Keedy,rkeedy4t@walmart.com,zI3_}qgbyDk_5,8826408361,14963 Butternut Street
175,lswaton4u,Laurence,Swaton,lswaton4u@shutterfly.com,qX8'0Jz<pAW=,8507230418,08 2nd Hill
176,lriggeard4v,Lorena,Riggeard,lriggeard4v@sourceforge.net,zS8*&'bN*DY,5325279210,50 Hansons Circle
177,brisely4w,Barbaraanne,Risely,brisely4w@cdbaby.com,"yG7,4&v79",8838123232,2201 Golf Course Place
178,plosselyong4x,Peria,Losselyong,plosselyong4x@blogtalkradio.com,rN3&XuVUG`e3~?+,5136727969,2308 Browning Plaza
179,lbeese4y,Lorinda,Beese,lbeese4y@google.com.br,"lT3=O,,Y",8292713353,375 Kedzie Trail
180,scona4z,Shirlee,Cona,scona4z@slideshare.net,"cI1,=(zQDp9~>HOp",2723799330,531 Sutteridge Junction
181,awarbey50,Adelaida,Warbey,awarbey50@google.nl,nH4>cEl?5JY@8?4?,9858193730,0468 Hallows Plaza
182,sgoodings51,Shandie,Goodings,sgoodings51@auda.org.au,"hF7*JPz,pqd`XH?b",2879961586,39568 Shopko Parkway
183,bbudd52,Bank,Budd,bbudd52@typepad.com,eW8>?|Yy},9505975448,5981 Monterey Place
184,jkillford53,Joete,Killford,jkillford53@ebay.com,fF1!uAoXG_pd,4808848315,13640 Mccormick Street
185,fboyse54,Freemon,Boyse,fboyse54@msn.com,rV8<AkI5b|qA,2957099624,997 Lillian Park
186,gsoppit55,Genna,Soppit,gsoppit55@ezinearticles.com,mW3@#(d9jiL.n&AV,4566521551,3647 Hauk Point
187,vbernocchi56,Valaree,Bernocchi,vbernocchi56@eventbrite.com,bW8_r!JcdqJcu?,5642581621,9 Sutherland Street
188,gladbury57,Gnni,Ladbury,gladbury57@1und1.de,jP4(oVKIo$)?,2065817024,93 Tony Place
189,hjackman58,Hillyer,Jackman,hjackman58@google.it,eJ2(2tw<Q\?5nHM?,2347264016,987 Charing Cross Avenue
190,nsicha59,Nancie,Sicha,nsicha59@issuu.com,aM0%sxg\>,4919976233,53749 Riverside Drive
191,vbool5a,Vernen,Bool,vbool5a@addtoany.com,lT7)Rw{He.f_,9888816610,74 Esker Center
192,mlongfellow5b,Maris,Longfellow,mlongfellow5b@nih.gov,sV3|5cn}3,9444905947,10247 Eagle Crest Street
193,mmichie5c,Marcus,Michie,mmichie5c@istockphoto.com,yR7(..#Saa@6q,7069752386,10 Meadow Ridge Way
194,gshipperbottom5d,Grove,Shipperbottom,gshipperbottom5d@loc.gov,qP6>ojdI`AbM,7568626041,9788 Talmadge Pass
195,bsurplice5e,Bette-ann,Surplice,bsurplice5e@yelp.com,"mO4""<\vS",4683766802,779 Scoville Avenue
196,dcarrington5f,Dalia,Carrington,dcarrington5f@amazon.co.uk,qM8'cH_<\(m*,8678842219,0397 Heath Terrace
197,bharome5g,Bertie,Harome,bharome5g@storify.com,aW4(/<{m>47,6644509349,1 Fremont Pass
198,cmarzelli5h,Clair,Marzelli,cmarzelli5h@aol.com,"jL8""8%kC75OG93",6106085340,15 Northland Lane
199,sducket5i,Sawyere,Ducket,sducket5i@ucoz.com,yH0'9O}Ui,9151211390,11 Sunfield Trail
200,omoxted5j,Olwen,Moxted,omoxted5j@google.com,uE1`1l}j~{zfOst,9373188611,710 Carberry Lane
201,draigatt5k,Dominga,Raigatt,draigatt5k@rediff.com,gY4=zLG(5,5576176594,99693 Delaware Center
202,snavein5l,Shurlocke,Navein,snavein5l@cdbaby.com,mQ9`g#Z_i,4889304652,02 Erie Lane
203,aberrow5m,Alonso,Berrow,aberrow5m@dailymail.co.uk,"rI3&&Q""6FaPc$0",5567117639,316 Esch Parkway
204,wenterle5n,Westbrooke,Enterle,wenterle5n@theguardian.com,"qR5?iU>,|",8959426057,6 Iowa Park
205,dhawes5o,Donielle,Hawes,dhawes5o@google.cn,fE8|2e*#km(92&vC,1457346561,34805 Graceland Court
206,knevet5p,Kiersten,Nevet,knevet5p@tamu.edu,dP3(/9~DQ\)c+',9599092314,04379 Esker Street
207,bmayoh5q,Bevin,Mayoh,bmayoh5q@seattletimes.com,wB5>nMb*Q!Q(}5Qn,9823585780,4029 Tennessee Lane
208,bsudy5r,Benedicto,Sudy,bsudy5r@statcounter.com,"zM7'J$az_+7/7,@",2799068730,13 Laurel Avenue
209,rgiriardelli5s,Ralina,Giriardelli,rgiriardelli5s@reference.com,"vX5""yhHn_{H9Y",1209096825,6 Leroy Terrace
210,tbecke5t,Tabbi,Becke,tbecke5t@answers.com,uI4)R_!_iMpPiO,2945384941,417 Ryan Terrace
211,nshippey5u,Natal,Shippey,nshippey5u@t-online.de,vN5`cheUf,3675345974,1787 Manley Plaza
212,doldaker5v,Daisy,Oldaker,doldaker5v@guardian.co.uk,uN3`eyUepv0h4,1497098890,7 Shasta Crossing
213,eeden5w,Elliot,Eden,eeden5w@trellian.com,kH9<$E>SxeDSH{!b,4926416513,07 Anhalt Junction
214,cmeo5x,Celisse,Meo,cmeo5x@goo.gl,pE0+XmhBjFU@,1546941366,80798 Lyons Park
215,zpakenham5y,Zedekiah,Pakenham,zpakenham5y@unicef.org,rR0}PbeALaCL},1493062307,24374 Carpenter Court
216,vmcmurtyr5z,Vivianna,McMurtyr,vmcmurtyr5z@amazonaws.com,"lX3>Zi/)""",6108491621,55 Pleasure Trail
217,swichard60,Stephani,Wichard,swichard60@engadget.com,lX4<`a50WL>q),3456600194,6 Randy Parkway
218,abenedicte61,Adan,Benedicte,abenedicte61@senate.gov,nJ2+{QFV.@,8242033089,82 Linden Road
219,lloud62,Loretta,Loud,lloud62@tinyurl.com,"xZ6""\7ym{{0UOWw",2324282954,6188 Vernon Drive
220,scanacott63,Susannah,Canacott,scanacott63@cornell.edu,rQ4.h{VJ5=ZHq,1795538504,4 Eggendart Street
221,dduggary64,Davina,Duggary,dduggary64@ifeng.com,pP9$f&tZG)y,1131964547,48 Emmet Terrace
222,lriseley65,Livvyy,Riseley,lriseley65@ed.gov,nR5*)(9iF{V,4604563736,1 Derek Terrace
223,ccast66,Costanza,Cast,ccast66@walmart.com,"hF7@`jUcY9)xp~,",9187891134,5 Sunbrook Drive
224,dfielden67,Dolly,Fielden,dfielden67@hc360.com,rG4'U&{_R,2095253807,718 Charing Cross Place
225,clambeth68,Clemens,Lambeth,clambeth68@squidoo.com,"oM9%4ZZ'>V,|@l$*",9226296163,79 Arrowood Parkway
226,jplevey69,Janette,Plevey,jplevey69@purevolume.com,gN2#Zw&WCX,5379758038,0794 Bay Place
227,reckels6a,Rhody,Eckels,reckels6a@phoca.cz,wC5}<h!'sKYE,3735519408,5799 Crowley Terrace
228,smacginlay6b,Sloane,MacGinlay,smacginlay6b@rakuten.co.jp,oX4}hZrqGAvIV,7695487292,28631 Tomscot Park
229,rthecham6c,Rolf,Thecham,rthecham6c@hubpages.com,dX0}LA/ws,7368349277,549 Erie Pass
230,proot6d,Padriac,Root,proot6d@army.mil,hU3~dn1}qE,2778576956,0684 Dwight Circle
231,kelfitt6e,Karlotte,Elfitt,kelfitt6e@chicagotribune.com,hO8.G>)AmV!&,7544968536,3692 Summit Road
232,lschaffel6f,Lesley,Schaffel,lschaffel6f@pagesperso-orange.fr,aC7$|pwr,9685406062,80 Manufacturers Junction
233,dcridlan6g,Dominique,Cridlan,dcridlan6g@theguardian.com,gU0*/4`b#ZM,5259978385,5 Evergreen Parkway
234,wmaystone6h,Winny,Maystone,wmaystone6h@people.com.cn,wT7?\f0sub,3867371839,1 Eastlawn Terrace
235,kbrosenius6i,Kerrill,Brosenius,kbrosenius6i@wisc.edu,dT6()vTqXL6R5,3836648238,11340 Anderson Plaza
236,aromagosa6j,Angeline,Romagosa,aromagosa6j@youtube.com,pE6)U|~@4`*>CU,5885723348,38915 Luster Hill
237,dgillis6k,Darcy,Gillis,dgillis6k@hexun.com,gO9/FYrG{,6396872701,23 Scoville Park
238,rtynan6l,Richard,Tynan,rtynan6l@alibaba.com,"fX3{ofUarmA,",8217297946,44063 Goodland Lane
239,dsibbson6m,Dane,Sibbson,dsibbson6m@wp.com,sW6#0m9%N+s,8767926055,057 Northfield Crossing
240,rjudson6n,Robina,Judson,rjudson6n@ibm.com,jX5@y#@Q,4099561114,579 Laurel Pass
241,bmachel6o,Brandyn,Machel,bmachel6o@virginia.edu,"zE4\jac=$laOhh,",7131909470,47304 American Ash Parkway
242,mabdee6p,Marci,Abdee,mabdee6p@skyrock.com,"mK0?U$Lyt4,l4~",4943194393,353 Namekagon Trail
243,moxteby6q,Marietta,Oxteby,moxteby6q@sfgate.com,pQ3&TF(_){tb,8791447188,46 Main Parkway
244,tsargood6r,Tildy,Sargood,tsargood6r@comcast.net,tL6>zLit*t)X\,6912714118,255 Express Plaza
245,cmoff6s,Chase,Moff,cmoff6s@noaa.gov,dA3+jHWU@Q_1y,7359086047,33597 Dorton Plaza
246,nserraillier6t,Nelia,Serraillier,nserraillier6t@a8.net,xI3*Sl(b},2045977692,839 Packers Circle
247,jpikhno6u,Jeannie,Pikhno,jpikhno6u@howstuffworks.com,"rN4_i,+$&w3d`0T",3716962081,05 Merrick Pass
248,ddaniell6v,Donalt,Daniell,ddaniell6v@chronoengine.com,qA1\yGbsZHyFC#@t,7016580573,869 Monica Park
249,jthebeau6w,Jase,Thebeau,jthebeau6w@ihg.com,jQ0>vq{c0d|,4077597376,679 Mendota Place
250,lvancassel6x,Lodovico,Van Cassel,lvancassel6x@mac.com,iD7@Odq<,4839869401,9881 Fairview Park
251,wrielly6y,Westleigh,Rielly,wrielly6y@youtube.com,lD8>F7B7=*Q,6524981343,7 Pine View Street
252,stommaseo6z,Sonia,Tommaseo,stommaseo6z@soup.io,sH3/.R<WsJ,7526807444,736 Dottie Street
253,taleavy70,Trista,Aleavy,taleavy70@who.int,qY7$&>YZ,4386419212,486 Helena Crossing
254,clandrean71,Cherlyn,Landrean,clandrean71@state.gov,jS6>H#1?&/~Fu|,9035159726,93823 Scofield Avenue
255,rfine72,Roddie,Fine,rfine72@altervista.org,hX4\FBDmhU,6093914163,77999 Burning Wood Street
256,kfearnyough73,Kellsie,Fearnyough,kfearnyough73@ted.com,"lS0>vg?o""mY",2325241974,550 Homewood Point
257,bcroster74,Baily,Croster,bcroster74@youku.com,"iU2""*mt{",6044055459,94 Grim Pass
258,tpillman75,Tobi,Pillman,tpillman75@slashdot.org,vP0%QV2pKk~!U,5848688470,77 Elka Court
259,gmcclaurie76,Gallard,McClaurie,gmcclaurie76@hubpages.com,"uE1.dl""H)@",8142163926,2147 Merchant Junction
260,npywell77,Nolly,Pywell,npywell77@google.es,fW0_j6%.?bg0UY(,8827046110,068 Mandrake Circle
261,blimeburn78,Brandise,Limeburn,blimeburn78@uol.com.br,"sX0~4x,kF",7834556756,1374 Sauthoff Trail
262,nollington79,Nell,Ollington,nollington79@sfgate.com,wN4%am9vGg6Igzb.,2485446938,57501 Lien Pass
263,gkeyson7a,Garek,Keyson,gkeyson7a@wufoo.com,sK9|$8}BhpI,6715949830,78 Huxley Court
264,ifranzen7b,Isaac,Franzen,ifranzen7b@senate.gov,bF5~YGW2HQC!)DRF,5996692678,73163 Bay Trail
265,wgenicke7c,Wanda,Genicke,wgenicke7c@berkeley.edu,"cB5.<G**n,y",7029660962,8 Meadow Valley Junction
266,amcgarahan7d,Andi,McGarahan,amcgarahan7d@usda.gov,"xK5',S*j9?",9759727471,4935 Alpine Place
267,dgoatcher7e,Dexter,Goatcher,dgoatcher7e@istockphoto.com,eG2&AAtD|>$&Z6x,7195176058,617 Garrison Hill
268,nhacquel7f,Nicholle,Hacquel,nhacquel7f@devhub.com,iI3=)kui'n'Q,8882222491,79 Fremont Crossing
269,flamie7g,Fayre,L'Amie,flamie7g@vinaora.com,lD1'u~hq,4053060409,295 3rd Way
270,wsire7h,Waly,Sire,wsire7h@opensource.org,"pX1_,Cd=CG}PVt<",2577784755,2216 Hollow Ridge Trail
271,gfranklyn7i,Germain,Franklyn,gfranklyn7i@nsw.gov.au,rI6?ZqRlA=e?.Z%,7857960842,19 Raven Trail
272,bcaress7j,Babb,Caress,bcaress7j@51.la,fL1>.>yv,3175975006,10182 Meadow Ridge Trail
273,amaskell7k,Annnora,Maskell,amaskell7k@state.gov,eA8.@2iC_@C9jco#,5326567873,09 Heath Court
274,bkier7l,Brade,Kier,bkier7l@opera.com,"wP1!+xM'MhB3""",6823168618,476 Randy Center
275,mscates7m,Mauricio,Scates,mscates7m@amazon.co.jp,rP4@adXFZqjsl{q,3058063874,89 Autumn Leaf Lane
276,cdive7n,Casandra,Dive,cdive7n@ehow.com,oV8+y*~`&Z,2011131656,510 Hansons Pass
277,smcclenaghan7o,Stanislaus,McClenaghan,smcclenaghan7o@google.ca,bH5@Li`_}h,3148400646,460 Manufacturers Place
278,azielinski7p,Astrid,Zielinski,azielinski7p@skyrock.com,aM9.4jTDm.uRnf#k,8591894051,2073 Emmet Crossing
279,jtillman7q,Jewell,Tillman,jtillman7q@so-net.ne.jp,gP2@B5GK1.VBoX,2682158050,315 Bunker Hill Way
280,mcowthart7r,Matilda,Cowthart,mcowthart7r@slashdot.org,tQ8<'gCwE,7807879271,3815 Florence Avenue
281,sdrewell7s,Saraann,Drewell,sdrewell7s@nsw.gov.au,"uR2$/.xlnc63L""",2929484670,3254 Elmside Junction
282,bkardos7t,Berty,Kardos,bkardos7t@wisc.edu,bH9/pX*%0})Rx9'i,2577305604,9011 Butternut Center
283,cgiovannelli7u,Carla,Giovannelli,cgiovannelli7u@va.gov,rM7#VmJt,9455397689,2 Kenwood Alley
284,oelphee7v,Olympie,Elphee,oelphee7v@twitter.com,"qS6`tm,@fE",2912444088,617 Novick Place
285,xthacker7w,Xylina,Thacker,xthacker7w@mapquest.com,nE8\i\znaD&,6165615006,7969 Union Court
286,mfrapwell7x,Marlo,Frapwell,mfrapwell7x@rakuten.co.jp,"cO2(}mx!""(9V",9373056226,818 Amoth Road
287,bmaccafferky7y,Bessie,MacCafferky,bmaccafferky7y@marketwatch.com,"bF6@LCp,$PyEL",6454243687,84017 Melvin Road
288,aboodle7z,Anders,Boodle,aboodle7z@dion.ne.jp,rA4.LDC!F)qzQ?bM,9184374141,70 Buell Way
289,erosenfelder80,Editha,Rosenfelder,erosenfelder80@clickbank.net,"eY3,$qKhzDfV1*U$",7064754263,88 Sunnyside Parkway
290,kshafier81,Kelila,Shafier,kshafier81@a8.net,"uV8%11rMH,yR<i%",6897166173,33967 Clarendon Lane
291,gkeitley82,Gav,Keitley,gkeitley82@columbia.edu,pC4=ri8t0*3J,4825659998,7 Melrose Center
292,tebbrell83,Tedda,Ebbrell,tebbrell83@redcross.org,"nZ9%f#'AWZ,dpuQ",2649444233,0 Fulton Hill
293,sfarress84,Sigvard,Farress,sfarress84@cbsnews.com,"eO4!/O#,KhvrnQ73",9439756467,5 Menomonie Junction
294,pthomton85,Philomena,Thomton,pthomton85@oracle.com,vK7|xdcCd,3805535987,959 Marquette Park
295,jshee86,Jerry,Shee,jshee86@w3.org,vG5?Nlfx,9354725421,334 Morning Court
296,kwalpole87,Kira,Walpole,kwalpole87@google.ca,"dX4=_""7NAOd",3758501734,8 Fieldstone Hill
297,omatteucci88,Osmond,Matteucci,omatteucci88@aboutads.info,"sV7)yTjy\""7%n6%=",6609661556,6 Blackbird Way
298,cmapston89,Carey,Mapston,cmapston89@usatoday.com,uB0*\.Bv21U.Pu`,7034696198,10 Moulton Road
299,sblennerhassett8a,Sayre,Blennerhassett,sblennerhassett8a@t.co,pC8<!(L7>JF(@m*0,3593271604,621 Grim Lane
300,ksheddan8b,Kathi,Sheddan,ksheddan8b@geocities.com,iG7!RI?.gG\,5353228695,04818 Nova Park
301,cstocking8c,Correna,Stocking,cstocking8c@nps.gov,"iR7|N\\B`&`t,&#I",9704394323,502 Hallows Center
302,bchesley8d,Bern,Chesley,bchesley8d@umich.edu,jH7{PN_)?x,4122817852,089 Kinsman Point
303,rmadine8e,Reynold,Madine,rmadine8e@bravesites.com,mX9>f*4M3d,9414655369,2 Prairieview Center
304,dsaunper8f,Dredi,Saunper,dsaunper8f@yellowpages.com,iU4$g/_6C|1pT,6171764228,6531 Commercial Point
305,vcorcoran8g,Vladamir,Corcoran,vcorcoran8g@joomla.org,"oU3,CGm4UvMN",1923849751,05541 Brown Road
306,madamo8h,Merrielle,Adamo,madamo8h@icq.com,bU9'F7)+$KHDvwlt,1963643861,2 5th Hill
307,smayall8i,Sarine,Mayall,smayall8i@blinklist.com,"aU6&fpJ""edb&`",5476215448,494 Quincy Crossing
308,mallaway8j,Martina,Allaway,mallaway8j@imdb.com,"gP1#&Tg,..w{Bg",8672499394,3 Talisman Alley
309,aure8k,Audre,Ure,aure8k@hubpages.com,iR6_G7#VUzE5U?,7661066681,6461 Kingsford Lane
310,jimpy8l,Jared,Impy,jimpy8l@scribd.com,fB3'`+l&5tFg,3651044165,0686 Trailsway Center
311,jbugdale8m,Jesse,Bugdale,jbugdale8m@a8.net,xA2~~D+.pNc+M,1022125216,79 Ridgeway Terrace
312,gstud8n,Gerry,Stud,gstud8n@comcast.net,eI8%ZKV+V*0,5735246507,3 Clemons Place
313,agoodlake8o,Aurea,Goodlake,agoodlake8o@bbb.org,dO6#_.beX6M{@Z,8728245276,919 Schmedeman Drive
314,medmonston8p,Michel,Edmonston,medmonston8p@storify.com,wN6*h.pAs@!vsX'1,3779057774,41 Iowa Court
315,egillatt8q,Edyth,Gillatt,egillatt8q@telegraph.co.uk,bQ4_=yF0HUgru,6762487793,123 7th Park
316,eforestall8r,Emmery,Forestall,eforestall8r@google.fr,fA4_|Fv3o<faQ&,4553271778,81 Arrowood Alley
317,vmckeller8s,Valli,McKeller,vmckeller8s@economist.com,"bP8>pz1""HlycMX1Y",1696902309,1504 Sullivan Plaza
318,haleshintsev8t,Hartwell,Aleshintsev,haleshintsev8t@answers.com,"yB0,09?K$OvH=ZiS",5993974647,98 Hallows Point
319,bsankey8u,Beatrice,Sankey,bsankey8u@merriam-webster.com,qI1~AT7.ho,1865032178,12 Florence Parkway
320,nwandrack8v,Nate,Wandrack,nwandrack8v@cyberchimps.com,kY1|O7Xav9x\\.$,3976338953,6 Cordelia Crossing
321,plampel8w,Porty,Lampel,plampel8w@pagesperso-orange.fr,vA0*<Q5b,5921492363,8 Summerview Lane
322,amustoo8x,Alair,Mustoo,amustoo8x@wunderground.com,nL6(1!7GX}O,2798329677,88 Toban Terrace
323,cbalm8y,Corrina,Balm,cbalm8y@nhs.uk,"sS0*G""HZMo1yp=",7582374817,7153 Bonner Lane
324,hfanshawe8z,Hetty,Fanshawe,hfanshawe8z@walmart.com,hH0/'TQ(pS5y91,3038573312,096 Lillian Circle
325,lmanach90,Lindsay,Manach,lmanach90@fastcompany.com,vO2+z)XxgcA@,1244718133,24518 Jackson Park
326,vrobardet91,Verine,Robardet,vrobardet91@yahoo.com,bE6%'RdRB?u5,1634828975,76732 Doe Crossing Road
327,ecaldes92,Eddie,Caldes,ecaldes92@vk.com,pQ0*8Wd0A9,7147027859,98 Fallview Parkway
328,cellsom93,Charlean,Ellsom,cellsom93@rambler.ru,kK7+`!.D6g,7575822489,02 Esker Junction
329,tosharry94,Teodoro,O'Sharry,tosharry94@theguardian.com,"qH1,J2j/T`K/",5649773267,386 Forster Point
330,wfolonin95,Waylin,Folonin,wfolonin95@flavors.me,"tK3{'R$P5}jP7""3e",2693172787,851 Forest Dale Point
331,spesselt96,Shanta,Pesselt,spesselt96@apple.com,oM6!3JKRZ,8698937514,659 Iowa Drive
332,csiebart97,Chad,Siebart,csiebart97@soup.io,"nK3,7oK_EWwrE",3752141398,39527 Lawn Hill
333,dharbage98,Darleen,Harbage,dharbage98@seattletimes.com,xL7#IMEL2WTE_,9704918926,2 Kedzie Road
334,efoakes99,Emlynne,Foakes,efoakes99@domainmarket.com,"yY0#""QFi{NG",5053087382,67 Oxford Pass
335,nhalvorsen9a,Niall,Halvorsen,nhalvorsen9a@weibo.com,jL7}7AdX9Vwow,8825107956,74439 Shelley Place
336,gjancar9b,Graehme,Jancar,gjancar9b@edublogs.org,"iN2=#VdYw""EF_l",4386536763,77 Rowland Road
337,srowlstone9c,Shel,Rowlstone,srowlstone9c@quantcast.com,rW8)SLhWF>V_,2344359325,21025 Eastwood Alley
338,olonder9d,Obadias,Londer,olonder9d@harvard.edu,iL2(|8b~vR}Sx}~',2417580168,8594 Green Avenue
339,kblindmann9e,Konstantine,Blindmann,kblindmann9e@ucoz.ru,cQ6|~aW\d~,1863817452,8800 Goodland Way
340,rtidd9f,Rowan,Tidd,rtidd9f@jimdo.com,mA0.!z4y6iv',1494600299,6958 Paget Court
341,awigfield9g,Aluino,Wigfield,awigfield9g@meetup.com,cW1(dG`'My,9766440298,543 Arizona Terrace
342,cbruneau9h,Cassandry,Bruneau,cbruneau9h@nyu.edu,kE9(!|smc+,5069319497,594 Onsgard Place
343,ekowal9i,Elise,Kowal,ekowal9i@people.com.cn,uQ1=Sp8gC,4021547169,7 Melby Alley
344,rloade9j,Rodney,Loade,rloade9j@blogtalkradio.com,hF4!hJh2/,9957904979,124 Coleman Crossing
345,fenevold9k,Farris,Enevold,fenevold9k@g.co,xS3)Q?Qy\@O#6,2554418352,7 Barnett Junction
346,imcmanus9l,Inga,McManus,imcmanus9l@goo.gl,wW7~#nb7b2>8#%2a,8714961409,71751 Upham Street
347,kedler9m,Kitty,Edler,kedler9m@phpbb.com,sI6/Z9b_D6,9395046826,86113 Eastlawn Crossing
348,vdunbavin9n,Victoria,Dunbavin,vdunbavin9n@sogou.com,lU1@uEHC6rF'=,8633103778,96862 Derek Court
349,cbreton9o,Correy,Breton,cbreton9o@bandcamp.com,fM7_9_3E.`d,4064096169,7 Sachs Road
350,bstacy9p,Brandon,Stacy,bstacy9p@miibeian.gov.cn,cM4=#~opT0yc,3772672393,322 Declaration Court
351,arylands9q,Ari,Rylands,arylands9q@merriam-webster.com,mW9*x8lm#,8331407225,0125 Del Sol Alley
352,sgaskin9r,Saraann,Gaskin,sgaskin9r@cmu.edu,"kI0""Y6)di6#ch|l",4613762685,7022 Karstens Park
353,ajoblin9s,Aldrich,Joblin,ajoblin9s@telegraph.co.uk,"xY1//uW7Mr|.2,",1798661811,7176 Delaware Junction
354,tgladhill9t,Taddeo,Gladhill,tgladhill9t@bizjournals.com,iX5%Iq#GBYuy(V,2357418179,16431 Arapahoe Junction
355,ytreweke9u,Yvon,Treweke,ytreweke9u@blogspot.com,cM4!Tr>+,1494540988,1047 Carpenter Center
356,mplacido9v,Mavra,Placido,mplacido9v@nih.gov,rX1=>8$\Gn=C,2968865937,131 Packers Trail
357,dcaffin9w,Denny,Caffin,dcaffin9w@illinois.edu,jI3\>t.Z\,9671356507,7237 Gina Center
358,hdifranceshci9x,Harp,Di Franceshci,hdifranceshci9x@yolasite.com,yF6}Ud)7Z&G%,9258587269,75538 Bunker Hill Avenue
359,xgrigorushkin9y,Xerxes,Grigorushkin,xgrigorushkin9y@jugem.jp,"zI2>r1O,w,dhu}AP",9982217199,7644 Union Drive
360,rdeverock9z,Rand,Deverock,rdeverock9z@163.com,"uS6/NI""&WT2qU8",5536526484,262 Bayside Drive
361,jiacofoa0,Jena,Iacofo,jiacofoa0@amazon.de,"uC1.&P@Xl+%'ep,",6768150790,3699 Maple Wood Center
362,hkeywortha1,Heath,Keyworth,hkeywortha1@comsenz.com,nL0+rf5fFP}A0,2574896098,76248 Lawn Circle
363,bbergina2,Blanche,Bergin,bbergina2@unc.edu,aM8)kc<~z,1437300845,67626 Transport Center
364,fevesa3,Felita,Eves,fevesa3@sourceforge.net,fO7'B\E8\dI=K@,4996377355,741 Starling Hill
365,tpiechnika4,Tessy,Piechnik,tpiechnika4@hexun.com,"sF7+V,l~$",2054702317,91015 Golden Leaf Street
366,rpeardea5,Roselia,Pearde,rpeardea5@army.mil,"jV6@?<i,tcr",3606721655,86230 Mariners Cove Point
367,mrickera6,Mycah,Ricker,mrickera6@reuters.com,gX9=qy%/dAQm6)s,7821208426,45 Colorado Junction
368,mvenarta7,Mariel,Venart,mvenarta7@people.com.cn,"jH8!CQ4<,=1Eu/",5242697491,11 Northview Plaza
369,rtasselera8,Ricardo,Tasseler,rtasselera8@edublogs.org,cQ8&u~c_A)l>%,9155143173,2 Hayes Plaza
370,smycrofta9,Skipp,Mycroft,smycrofta9@google.nl,bP5!mRk$WR37,3183956686,571 Magdeline Road
371,ktutchellaa,Kyla,Tutchell,ktutchellaa@vinaora.com,aU8(YvRZ\!%SF,8782203790,412 Rowland Terrace
372,bellingtonab,Bobby,Ellington,bellingtonab@360.cn,"bE8)&Jt|R""`q{",2762362764,33821 Darwin Junction
373,jogilvieac,Jody,Ogilvie,jogilvieac@microsoft.com,iL0'sMc($f9~*,1052152940,2009 Northport Hill
374,mhorstedad,Malina,Horsted,mhorstedad@wix.com,mK5'8YBNGe}eEsd,2605636756,375 Green Ridge Circle
375,cskarinae,Chelsy,Skarin,cskarinae@soundcloud.com,gP1>awmF,1433622558,598 Westridge Pass
376,sblackebyaf,Shanon,Blackeby,sblackebyaf@sina.com.cn,"fE5~JO,q=",4307419713,862 Hoepker Trail
377,wbernardoniag,Winona,Bernardoni,wbernardoniag@ow.ly,dV0+e<jKI#mg|U,1392541205,235 Acker Crossing
378,jmaletrattah,Jacynth,Maletratt,jmaletrattah@symantec.com,"sO9""Kw=mM_nAzG=o",3438424614,0287 Anderson Park
379,stuxwellai,Saba,Tuxwell,stuxwellai@icq.com,"tD7_)rzdT9HFJ,Du",3765638591,77420 High Crossing Drive
380,fmcfaulaj,Franciska,Mc Faul,fmcfaulaj@sfgate.com,eL0+X3Lv,8154632016,03701 Memorial Lane
381,abrecknallak,Ardys,Brecknall,abrecknallak@fema.gov,dW4=m&HbVN,8113796709,88 Monument Park
382,lstannislawskial,Lindy,Stannislawski,lstannislawskial@free.fr,kT2>/Kj#,9341666748,014 Morrow Hill
383,awickhamam,Aidan,Wickham,awickhamam@smh.com.au,yS3)69.THW5)k,9273652184,987 Moulton Drive
384,ccurzeyan,Corly,Curzey,ccurzeyan@naver.com,zC5}gbhFTB,3878765637,8280 Dahle Place
385,sbecketao,Sammy,Becket,sbecketao@psu.edu,cB9/f@4pT,9116826416,4831 Hauk Street
386,nruckmanap,Newton,Ruckman,nruckmanap@symantec.com,tG6\<(BZF5o0,5115852977,1367 Northfield Alley
387,tphilippsohnaq,Tobias,Philippsohn,tphilippsohnaq@devhub.com,wH8|DX&Q,6734241276,992 Ohio Parkway
388,adidomenicoar,Anthia,Di Domenico,adidomenicoar@europa.eu,oJ1+z|Lv,4912648640,0 David Street
389,lshorthouseas,Lauryn,Shorthouse,lshorthouseas@howstuffworks.com,sR4*j`OuM54NRQ_p,4957441567,1 Mcbride Circle
390,ilanegranat,Isa,Lanegran,ilanegranat@europa.eu,hZ3<{OzjR9`T,8744886964,5545 Marcy Pass
391,fchurchlowau,Farr,Churchlow,fchurchlowau@redcross.org,"rZ1.""_@|yqRZX",6046255779,28 Jay Pass
392,jdeeslyav,Janaya,Deesly,jdeeslyav@home.pl,"zH5'D""9`6gMvtR+0",3881280641,32 Green Ridge Crossing
393,mvanarsdallaw,Misti,Van Arsdall,mvanarsdallaw@wordpress.com,vW5|e}{F\X&sDk,4007248592,655 Fairview Road
394,asimeonax,Abbie,Simeon,asimeonax@foxnews.com,"jK9.}%}#)'5h7%""p",2371744722,08 Pankratz Junction
395,smacpaikay,Saleem,MacPaik,smacpaikay@samsung.com,gT3|p##zD,9396239978,88126 Texas Drive
396,fborderaz,Far,Border,fborderaz@cnn.com,"oZ4~T=*8{ykA""6E",8806924173,66283 Burrows Point
397,bcanbyb0,Borden,Canby,bcanbyb0@wikispaces.com,rZ1_4NJ%Fj>f<s,3642011308,7018 Carioca Drive
398,bbiersb1,Bord,Biers,bbiersb1@bloglines.com,"wW1&euE(lMRGTA""E",2476413554,2003 Graceland Plaza
399,shaxellb2,Sharleen,Haxell,shaxellb2@adobe.com,rA8'w9~H/7#+q7=,3694425922,36 Sunfield Pass
400,jbeldanb3,Jeanette,Beldan,jbeldanb3@devhub.com,hM3*a!WN&l*tG0,4639342805,32 Tennessee Place
401,jhaughtonb4,Julia,Haughton,jhaughtonb4@gov.uk,jP6}&/nv{w,6096013204,80109 Fuller Hill
402,bcomleyb5,Bank,Comley,bcomleyb5@nifty.com,pP9$ju6h,9818729241,1548 Mendota Alley
403,dtettersellb6,Dareen,Tettersell,dtettersellb6@va.gov,"nK6,|`}P",2108882816,06 Utah Street
404,ppilipetsb7,Phelia,Pilipets,ppilipetsb7@yelp.com,pF4=<Mu_3Dq9)VZa,9156328920,76481 Debs Court
405,dsheeresb8,Dinah,Sheeres,dsheeresb8@storify.com,bD1>!w2(Wm#d,1572789310,67658 Hudson Trail
406,mlilleb9,Murry,Lille,mlilleb9@gmpg.org,aA6#ncij+a,5062111210,28260 Kedzie Center
407,ljoreba,Loreen,Jore,ljoreba@washingtonpost.com,"qO4$lAMM$L""s@s",5875795253,8991 4th Drive
408,mcammackebb,Mandel,Cammacke,mcammackebb@pcworld.com,oU9+/X{'&61yUp%M,8777823331,70202 4th Center
409,dcultchethbc,Debby,Cultcheth,dcultchethbc@rakuten.co.jp,"wW1%Ep?7|7Tw,",4593891668,11704 East Center
410,ihalheadbd,Ike,Halhead,ihalheadbd@discovery.com,wH1@6V|Nyk0rcREj,9949161841,51 Valley Edge Hill
411,dryalbe,Dimitri,Ryal,dryalbe@gravatar.com,mH2#VbXZ/z,1577945548,3788 Hagan Junction
412,gfaithornbf,Gale,Faithorn,gfaithornbf@sciencedirect.com,pK3<cl$~ufv|ShH{,9867629181,09 Emmet Circle
413,jwellwoodbg,Jillayne,Wellwood,jwellwoodbg@friendfeed.com,bA1/|RU>_S{!d,8495261873,078 Talmadge Park
414,lraubenheimersbh,Laina,Raubenheimers,lraubenheimersbh@elegantthemes.com,tF8@jO`Y<W,4739280882,20408 Nova Point
415,dwestmorebi,Dagny,Westmore,dwestmorebi@hp.com,sT7=eYLYP1J38,8901554970,9 Del Mar Drive
416,bstookesbj,Benito,Stookes,bstookesbj@shinystat.com,"cJ3""FWA|3",1554820876,540 Hayes Crossing
417,enovakbk,Edlin,Novak,enovakbk@seattletimes.com,nC4|GPxaOJrh,2102018341,98530 Fulton Alley
418,lgregolettibl,Lock,Gregoletti,lgregolettibl@china.com.cn,iM0{Y.(.I>MJj2.,2643099567,16 Kenwood Street
419,rbowlasbm,Ruby,Bowlas,rbowlasbm@nasa.gov,"gE1@<,Q~'pUQT/h",7644990192,124 Logan Hill
420,rnottonbn,Reginauld,Notton,rnottonbn@nasa.gov,vM8)I94f.,5237743792,50405 Elmside Terrace
421,mgeraultbo,Man,Gerault,mgeraultbo@oakley.com,xX1$x9m8VG=YbcUW,4462417024,472 Atwood Way
422,rtreenbp,Rustin,Treen,rtreenbp@reference.com,wI2)`K5.sCGB{,9962717619,05 Michigan Court
423,zlorenzobq,Zachery,Lorenzo,zlorenzobq@narod.ru,zH9<~NclfS'},4315170878,0257 Ruskin Park
424,mjesselbr,Moreen,Jessel,mjesselbr@usnews.com,gV5+tf4*jVxGSj,1072638029,9623 Beilfuss Alley
425,vilyasovbs,Veda,Ilyasov,vilyasovbs@imdb.com,lU8=vytf*s.B,5709649636,56 Farwell Terrace
426,onoriegabt,Olvan,Noriega,onoriegabt@unblog.fr,pE9\cm\t2,3059237595,19 Dryden Lane
427,pdesimonebu,Pearline,De Simone,pdesimonebu@cafepress.com,xK6=)ka>cKbP%,2248972799,487 Novick Parkway
428,ebuggybv,Elihu,Buggy,ebuggybv@xinhuanet.com,dI2%&)@Q5{m}u9q,3792083732,4659 Fairview Trail
429,jwitchardbw,Jilly,Witchard,jwitchardbw@google.co.jp,yT9)m3Vo,1212559913,7 Carberry Street
430,adumbellbx,Alden,Dumbell,adumbellbx@quantcast.com,mW5$g9fesqC,5289533620,78 Gerald Place
431,hmcallesterby,Huntington,McAllester,hmcallesterby@biglobe.ne.jp,mD7!x`Pj8{,3086492032,823 Del Sol Crossing
432,dedlandbz,Dom,Edland,dedlandbz@omniture.com,iM6(vB)w4&P)Kk,2247004644,8 Dennis Circle
433,dlewsiec0,Dael,Lewsie,dlewsiec0@godaddy.com,hD2_TziQL|K,1108959871,0901 Larry Center
434,kleonc1,Keriann,Leon,kleonc1@who.int,nM9|zd7Q2y72,6212207331,84 Division Hill
435,tferrierc2,Tiffi,Ferrier,tferrierc2@com.com,"sG6,l/ghHC&o!8",8775388335,48 Old Shore Street
436,aphetheanc3,Ashlin,Phethean,aphetheanc3@virginia.edu,iQ5\A)lo?,5277372587,5 Gulseth Street
437,rfaddenc4,Ruthe,Fadden,rfaddenc4@economist.com,"cW9""5m)CeA'=p8aT",8001566861,19 Loomis Street
438,focannanc5,Fenelia,O'Cannan,focannanc5@xinhuanet.com,jH5+#'u5g}8k,8328242752,45719 Ludington Drive
439,ttreugec6,Tristan,Treuge,ttreugec6@nps.gov,"lA7""G7p{!vI/2T",3036462942,19 Steensland Avenue
440,ipavlenkovc7,Ive,Pavlenkov,ipavlenkovc7@wsj.com,"tO6""_d}Dwkv*oK6",1948364095,1 Anderson Park
441,daccumc8,Darn,Accum,daccumc8@economist.com,dC6@uLIiv,9419802564,5 Ridge Oak Crossing
442,ebuddingtonc9,Elston,Buddington,ebuddingtonc9@ucoz.com,"nU6""S#V<%d",4051915396,42559 Duke Circle
443,tpeglerca,Thomasa,Pegler,tpeglerca@narod.ru,"yV8""J2GT",1637134401,2472 Menomonie Court
444,vtommiscb,Vern,Tommis,vtommiscb@moonfruit.com,xF5=k1'kKc!,9861405951,329 Susan Hill
445,jkuhnecc,Joaquin,Kuhne,jkuhnecc@ameblo.jp,fW8!>p9HB}NSH/,7817171714,947 Florence Center
446,gcockshootcd,Gilles,Cockshoot,gcockshootcd@google.co.jp,wH0*ByuEe?8v%1X&,8537580443,18593 Grover Point
447,amacginneyce,Alyson,MacGinney,amacginneyce@un.org,mR3~kCnMtlKq,6391091152,98626 1st Place
448,esideycf,Ermentrude,Sidey,esideycf@dagondesign.com,fM4$/6ynYF,5777200784,20561 Kedzie Way
449,arenowdencg,Ardisj,Renowden,arenowdencg@seesaa.net,aL1!JzCdn_J`\#.,3588669827,19244 Claremont Place
450,hcurstonch,Huntlee,Curston,hcurstonch@wikimedia.org,uB7<#bNyx`@NGED@,9373694029,37 Bluestem Lane
451,doffenci,Dodi,Offen,doffenci@state.gov,xO1=.u{y=s{tMOF,4674316182,65 Lighthouse Bay Alley
452,tearleycj,Tybalt,Earley,tearleycj@archive.org,hG4<u\{TfUrc<r\4,7585475953,657 Northwestern Road
453,aogglebieck,Angelika,Ogglebie,aogglebieck@state.tx.us,xD6+Ip&M,7157533723,50765 Ridgeway Street
454,wkirlincl,Wally,Kirlin,wkirlincl@bluehost.com,mW8%b@HPNOf7UQ,1511094555,53 Surrey Circle
455,cgaylordcm,Cass,Gaylord,cgaylordcm@mozilla.com,"vA6/J9""$c4CNA%",5755430015,51441 Stang Way
456,camiscn,Candida,Amis,camiscn@furl.net,"oH7)toxZaxk""",6348171131,5 Meadow Valley Alley
457,asheldonco,Angelina,Sheldon,asheldonco@surveymonkey.com,"dY2?,+9WUV@U(",5256940463,16812 Daystar Plaza
458,jcapnercp,Jan,Capner,jcapnercp@linkedin.com,dF9~)hV3R,7817241791,1 Anzinger Trail
459,apapacciocq,Ameline,Papaccio,apapacciocq@eventbrite.com,rL3#iLCoqE{(D3,6123316963,2 Artisan Junction
460,jhadwincr,Jaime,Hadwin,jhadwincr@dell.com,zK5#OW6XY+T,8818415673,58 Barnett Plaza
461,lhousdencs,Loella,Housden,lhousdencs@cbsnews.com,lE3/yZvISnG,2845153769,86316 Meadow Vale Plaza
462,jsimonnotct,Joel,Simonnot,jsimonnotct@tinyurl.com,vQ6!psjt9372DCP8,2408020053,23588 Sachtjen Circle
463,kmackeoghcu,Kial,MacKeogh,kmackeoghcu@earthlink.net,rB3`pOjv,8532742915,626 Coleman Center
464,edorboncv,Etta,Dorbon,edorboncv@economist.com,"gW2,n3j#@01w=1V>",3293557284,2 East Terrace
465,jfatharlycw,Jeana,Fatharly,jfatharlycw@google.nl,"zF3,BR9y",7383958701,889 Transport Street
466,hbazirecx,Hodge,Bazire,hbazirecx@google.ca,lZ4!c2RVEo|,4722869427,547 Corscot Terrace
467,jlilburncy,Johannes,Lilburn,jlilburncy@dion.ne.jp,cK7\i=F=,6682666858,532 Vidon Center
468,kbleacklycz,Kira,Bleackly,kbleacklycz@wunderground.com,yI3{WxSN6fO,3166598425,8 2nd Way
469,fchickend0,Francene,Chicken,fchickend0@chron.com,"jM0*QE,pF\",6649178359,3 Hoard Court
470,agatchd1,Ardine,Gatch,agatchd1@comcast.net,pX5?/c72gd_,9311909285,370 Sunnyside Plaza
471,cdemichettid2,Catha,De Michetti,cdemichettid2@si.edu,vI4)%G7Ux=~c)=zP,8162774605,718 Commercial Court
472,ljovicicd3,Lilllie,Jovicic,ljovicicd3@fc2.com,oG6}E\0+jNA$V',5203206128,1051 Goodland Court
473,vbrickhilld4,Vina,Brickhill,vbrickhilld4@studiopress.com,"nO7,V'(5+",6739263870,91642 Little Fleur Drive
474,xkeareyd5,Xerxes,Kearey,xkeareyd5@yellowbook.com,dC5_{JT8&,8708922988,908 Oak Valley Plaza
475,bdanielld6,Baillie,Daniell,bdanielld6@latimes.com,vZ2<.>%OCS*rJszc,2422982603,29375 Shasta Street
476,osouthcombed7,Oswald,Southcombe,osouthcombed7@apache.org,tI0'>?r8bI<,5169214175,1 Blaine Terrace
477,obaptied8,Opalina,Baptie,obaptied8@reverbnation.com,jM9{2aaekk)VG3_A,5039004029,654 Dexter Drive
478,cskynerd9,Catharine,Skyner,cskynerd9@adobe.com,sN7?&%D6$d{Q,1078368478,87355 Namekagon Avenue
479,kcharloda,Kiah,Charlo,kcharloda@webeden.co.uk,"eE2'K0""CQ?akX'",7103735017,6 Ruskin Park
480,hoxxdb,Huntington,Oxx,hoxxdb@addthis.com,zT3~+F|$O4>E5U,6409884490,3 Lukken Drive
481,vkuresdc,Vi,Kures,vkuresdc@nydailynews.com,bX7<Qt|oFoY2(nVG,6083367467,1 Northwestern Crossing
482,bgossdd,Baxie,Goss,bgossdd@twitpic.com,"vD6,mlJ5CkC.=",3524391798,303 Dwight Terrace
483,tbrillemande,Timoteo,Brilleman,tbrillemande@illinois.edu,gS2~2ysa,5655992501,11 Hayes Trail
484,rbowdondf,Rachelle,Bowdon,rbowdondf@arstechnica.com,"tH7+m""o<I",8725665150,9288 Merry Lane
485,vpedrodg,Viki,Pedro,vpedrodg@mit.edu,yP2!qSe@il8|v,6543009715,779 Novick Pass
486,rquayledh,Rocky,Quayle,rquayledh@friendfeed.com,yH4~M0=td3jQ,8088977425,5 Novick Court
487,primerdi,Paige,Rimer,primerdi@mapy.cz,fL7?E@{E8U.l,4726680611,6 Holy Cross Point
488,bcansdelldj,Babette,Cansdell,bcansdelldj@unicef.org,tE7<ge.pq,5653548537,37 Schmedeman Trail
489,brandlesondk,Bride,Randleson,brandlesondk@parallels.com,aV7+4Q2UFL{,5616301950,11427 Fordem Circle
490,dtapsondl,Donna,Tapson,dtapsondl@ucsd.edu,mS8_YMpUYxY,1363621744,57979 5th Terrace
491,hjedrzejewskydm,Heath,Jedrzejewsky,hjedrzejewskydm@va.gov,pU0%gps.brk>D,2684931887,73 Talmadge Terrace
492,eminoguedn,Estrella,Minogue,eminoguedn@army.mil,gS0/FL3.v,8132071909,3 Elgar Drive
493,dmusickado,Devora,Musicka,dmusickado@ask.com,mA6*n3=.#>ldt,9799381026,73254 Lukken Junction
494,lcaldesdp,Lily,Caldes,lcaldesdp@hud.gov,iP3@)cb~|J>#b,4709637083,162 Dahle Junction
495,ccorradinodq,Cynthea,Corradino,ccorradinodq@wikimedia.org,"gH2""W{75",5074329480,5 Springs Alley
496,braspindr,Barbabra,Raspin,braspindr@imgur.com,"aV2#fcR,",3151043395,00 Anniversary Circle
497,awaplingtonds,Albrecht,Waplington,awaplingtonds@cmu.edu,"hQ3?`B6ES=@,%Ot<",7546867758,0953 Kim Trail
498,eshurydt,Eula,Shury,eshurydt@ucla.edu,yH9@k2YdXaE,7089369564,3 Milwaukee Drive
499,vpearceydu,Vinny,Pearcey,vpearceydu@foxnews.com,qZ6@uTY0n/`,4171298946,1 Randy Center
500,kmackenneydv,Kaiser,MacKenney,kmackenneydv@sciencedirect.com,eE3|UGcGtUG&uy,8938680248,90642 Blue Bill Park Park
501,dpavekdw,Darline,Pavek,dpavekdw@epa.gov,zF9>OG}1q|T8,6393852089,24573 Jenna Plaza
502,rboyingtondx,Ronica,Boyington,rboyingtondx@people.com.cn,"kE8,2JAZ/?pr",3188020013,5896 School Park
503,cantunesdy,Christoph,Antunes,cantunesdy@economist.com,pO8@'5F=QE9rI3,3376958355,31 Calypso Pass
504,mandragdz,Maurie,Andrag,mandragdz@goo.ne.jp,"xX1.H""Rz",4048946606,872 Almo Alley
505,amochare0,Avivah,Mochar,amochare0@wikispaces.com,"mF8}?&Jk$,c.>0",8129592566,6 Katie Avenue
506,nfrangletone1,Nadia,Frangleton,nfrangletone1@bandcamp.com,rK4+&$LG0JIb@x%,7407678522,33502 Ridge Oak Junction
507,dkadwallidere2,Dorena,Kadwallider,dkadwallidere2@harvard.edu,jE8({k@j8R@,6305893487,6318 Maple Wood Point
508,aconstantinee3,Abagail,Constantine,aconstantinee3@geocities.com,yE5|*/KP8,9279516039,731 Merry Center
509,cboylese4,Cullen,Boyles,cboylese4@cbsnews.com,gM9@MW6/h=.OK$xF,9924658871,76 Doe Crossing Plaza
510,rhawtone5,Roi,Hawton,rhawtone5@altervista.org,iI7&5|8IJw@jo,4199661648,43706 Amoth Terrace
511,gbrattelle6,Gaylor,Brattell,gbrattelle6@nature.com,jH9/5ABt`WveN,2643973907,6922 Montana Parkway
512,sanfussoe7,Shep,Anfusso,sanfussoe7@dyndns.org,fN8$+c4(v@)xo2=,3706604233,744 Moulton Parkway
513,mfrighte8,Marie-ann,Fright,mfrighte8@google.es,lF4'\FOSQ8KlRyo>,8068835746,91 Dayton Street
514,cconkline9,Coletta,Conklin,cconkline9@wikispaces.com,wM4_}L$Z%%!y,9701447943,40416 Claremont Crossing
515,esandercockea,Elissa,Sandercock,esandercockea@cloudflare.com,"zV4%""o|9*HHA$x",6569705993,18187 Roth Crossing
516,bmunkleyeb,Beverie,Munkley,bmunkleyeb@twitpic.com,aQ7(Aa0K&rf>E0,8085041761,10 Spohn Circle
517,gcrothersec,Gaspard,Crothers,gcrothersec@nytimes.com,xI7.oPgVJp`O,8063487554,312 Jay Point
518,vroelsed,Vivienne,Roels,vroelsed@4shared.com,mX6>`>5}&i,6458624349,7669 Almo Parkway
519,fverrickee,Fowler,Verrick,fverrickee@ucoz.ru,vP9&B%Us!szADZ7O,5891822616,1862 Scofield Pass
520,rtevlinef,Rosalie,Tevlin,rtevlinef@huffingtonpost.com,rB3}3L6>IBg2,8857734277,929 Commercial Trail
521,hgerameg,Hill,Geram,hgerameg@craigslist.org,uP2\s38M2Qw8hsv,8506436448,20 Glacier Hill Trail
522,lgaynesfordeh,Lulita,Gaynesford,lgaynesfordeh@yahoo.com,uB9)MdGM?Q,5543087465,1 Northwestern Place
523,emannaei,Esme,Manna,emannaei@hostgator.com,"rR3)2""LUlU'G}1~@",8576328931,88388 Barnett Drive
524,cgerriessenej,Cesare,Gerriessen,cgerriessenej@ucoz.ru,zD9&t#rjeh,9567542117,4366 Marquette Hill
525,sgiovanniek,Stafford,Giovanni,sgiovanniek@sohu.com,uM9#ylz{N,8562177289,26 Mosinee Junction
526,nsibaryel,Nadia,Sibary,nsibaryel@eepurl.com,uA9}ZG9EPkBxzag%,7308210499,8663 Center Terrace
527,lyitzhokem,Linell,Yitzhok,lyitzhokem@globo.com,mJ1%vAn}hf2G@Mp,1111129513,2 Claremont Trail
528,mtrumanen,Melantha,Truman,mtrumanen@businessweek.com,hB3\+Ui6Y,5898405182,70970 Badeau Pass
529,sswalwelleo,Star,Swalwell,sswalwelleo@zdnet.com,"oU8""AmN!l",6975249168,31021 Del Sol Street
530,lbourleyep,Ludvig,Bourley,lbourleyep@example.com,qS4>a4waR,7919811937,1516 Paget Alley
531,csibthorpeeq,Chalmers,Sibthorpe,csibthorpeeq@upenn.edu,dZ2&~/P=M/Y,9065735476,8 Amoth Trail
532,ewillser,Eleanor,Wills,ewillser@google.pl,eD8#*Qo7u)&ew,4014731707,4221 Spaight Lane
533,npignyes,Nancy,Pigny,npignyes@blog.com,lJ5_h/I<,8608438975,74829 Meadow Ridge Center
534,bgrinnellet,Bertha,Grinnell,bgrinnellet@opera.com,lN9_A3Vg?7orJ0k<,2052111437,1 Muir Alley
535,claybourneu,Corella,Laybourn,claybourneu@elegantthemes.com,pW5)B!TL3lO9c/J,8414553986,1929 Brown Point
536,icroshamev,Imojean,Crosham,icroshamev@godaddy.com,lL2#?*Q7wt+,7437873313,1243 Morningstar Pass
537,edinniesew,Estelle,Dinnies,edinniesew@yolasite.com,jQ0#)4ZLinT48$},2562073173,73 Alpine Place
538,pmcsarryex,Perle,Mcsarry,pmcsarryex@nasa.gov,iR2*P5TQ,7979695383,032 Talmadge Pass
539,scrawshayey,Sylvester,Crawshay,scrawshayey@ovh.net,xL9%HUG}h)!aBDT,1549897531,34 Westridge Point
540,lalelsandrovichez,Lemuel,Alelsandrovich,lalelsandrovichez@yellowbook.com,wQ2=exDc3#>,2297664855,603 Main Alley
541,sdrewesf0,Selig,Drewes,sdrewesf0@tmall.com,vF2<D/3jk6p!,7646011427,4260 Old Gate Place
542,idiglinf1,Ive,Diglin,idiglinf1@a8.net,dO3#bCRH%ko~W,8388029904,76213 Amoth Court
543,ehogbenf2,Emmit,Hogben,ehogbenf2@cnet.com,"bV9""*1biHcBX",6209445492,42177 Barnett Center
544,hollef3,Hy,Olle,hollef3@dailymail.co.uk,uK8>Cj{z(,4086482319,2 Calypso Avenue
545,rlangrickf4,Randolf,Langrick,rlangrickf4@state.tx.us,qU0}UjKd`KPqT,8311504448,02 Division Center
546,nmcalindenf5,Nobie,McAlinden,nmcalindenf5@ted.com,"eI2!)C""bEo)\*5",7694338653,5 Dahle Center
547,dspurrierf6,Dianemarie,Spurrier,dspurrierf6@usa.gov,oD1)`K?jt\>,7217066459,00 Carpenter Plaza
548,sconeybearef7,Susanetta,Coneybeare,sconeybearef7@51.la,"rC2`_oB""~v",6366674670,0674 Victoria Terrace
549,rshurrockf8,Romona,Shurrock,rshurrockf8@google.com.br,pY1'W3_ECZ,2714505093,792 2nd Drive
550,arodgmanf9,Arturo,Rodgman,arodgmanf9@irs.gov,nX9/5H%tZSJ,2566125084,76 Amoth Plaza
551,ceckleyfa,Clarette,Eckley,ceckleyfa@usatoday.com,"lB1=,wRa",8993592637,7260 Aberg Center
552,buvedalefb,Boycey,Uvedale,buvedalefb@usda.gov,wE6=QHM|T,8831735601,448 Mcguire Park
553,wclapisonfc,Wallas,Clapison,wclapisonfc@nature.com,gT2<5IP>IsP\f+,5167664576,3863 Coleman Court
554,mporcasfd,Marjy,Porcas,mporcasfd@fastcompany.com,gA6{48\QZE,7942815367,239 Mallory Avenue
555,ntookfe,Nollie,Took,ntookfe@hugedomains.com,bN6?(u9>0&e,3551804924,9403 Mayfield Court
556,wwilseeff,Wiatt,Wilsee,wwilseeff@tinyurl.com,jV8*Vmeyj}'L,7733538625,916 Roxbury Crossing
557,cpennafg,Chico,Penna,cpennafg@google.com.au,wG9%kn!e_es,7814890407,29502 Corben Drive
558,awhelptonfh,Aldwin,Whelpton,awhelptonfh@guardian.co.uk,jT1#BWqm,1363709038,78 Sachs Street
559,jgarnfi,Joela,Garn,jgarnfi@tiny.cc,fJ0`f5K1qzoWYM,1936799446,2 Main Parkway
560,salabasterfj,Shayne,Alabaster,salabasterfj@posterous.com,oR5.<LtR,4423147045,3828 Mifflin Court
561,kcragoefk,Kaine,Cragoe,kcragoefk@networkadvertising.org,qV5_wnSJnx~G)ya,5549173812,63715 Pearson Terrace
562,wshaxbyfl,Whitaker,Shaxby,wshaxbyfl@artisteer.com,lS4=01KWBHDf,4078807674,1929 Oak Valley Place
563,saulettafm,Sisely,Auletta,saulettafm@zimbio.com,"qR3+$@""=/z",2558064388,2462 Thompson Court
564,mvasnetsovfn,Merci,Vasnetsov,mvasnetsovfn@ow.ly,aP1{=qQ>TE>.'w,8155687025,46435 Nelson Avenue
565,kwodelandfo,Klarrisa,Wodeland,kwodelandfo@1688.com,jR3&etV3yz<KtzN,8445329379,71198 Delladonna Terrace
566,sebdenfp,Shurwood,Ebden,sebdenfp@e-recht24.de,sR5@HnMimH$0M5{b,6505341486,23323 Old Shore Plaza
567,kmccarrollfq,Kerby,Mc Carroll,kmccarrollfq@1und1.de,bL2|<sKcP3f,6109182492,82931 Thierer Terrace
568,mstalmanfr,Maryl,Stalman,mstalmanfr@google.com,aC6)7Ku$q}H,5156196929,8 Old Gate Parkway
569,ssowterfs,Sophia,Sowter,ssowterfs@virginia.edu,"yR1'""%ePFt11R",1914669102,2 Eastwood Terrace
570,lsemradft,Lani,Semrad,lsemradft@a8.net,zZ3(YL'yT<C9WY,2817654625,7 Hollow Ridge Lane
571,kgroganfu,Kanya,Grogan,kgroganfu@nymag.com,"rC0{}""AAU",7083087875,5268 Luster Pass
572,ylittlechildfv,Yolande,Littlechild,ylittlechildfv@mayoclinic.com,xJ7@M%3wO_bdP,6962371986,56 Mesta Park
573,ckainfw,Celia,Kain,ckainfw@ebay.com,"oO2""g@?v2BSL",1468961177,233 Shoshone Road
574,nmcphelimfx,Nonnah,McPhelim,nmcphelimfx@deviantart.com,zC7$QBrwE,1024359084,47 Old Shore Avenue
575,csempillfy,Cash,Sempill,csempillfy@scientificamerican.com,"fE1&9?SiWPB.$,",8226501019,248 Scott Alley
576,apresterfz,Anna-diane,Prester,apresterfz@dyndns.org,eF3\qWVvia\bJoL,7172835855,8389 Thierer Alley
577,ftedderg0,Franny,Tedder,ftedderg0@linkedin.com,"yU2\?J_>D\|53,0",8278250433,615 Basil Avenue
578,broozeg1,Bobbie,Rooze,broozeg1@elpais.com,yM2&r%r4R<,5481522366,52597 Cambridge Junction
579,livashinnikovg2,Liuka,Ivashinnikov,livashinnikovg2@telegraph.co.uk,wH4!\px5V/o,5789529934,177 Darwin Circle
580,aassiterg3,Arther,Assiter,aassiterg3@spiegel.de,vK2$&zK@J,1496595781,8 Montana Trail
581,bclunang4,Bing,Clunan,bclunang4@usgs.gov,"dX4""1p7~Xz",1939633672,2890 Spenser Drive
582,pcastellig5,Prisca,Castelli,pcastellig5@washingtonpost.com,vB2#T1xgHjJ,3465831427,2163 Little Fleur Junction
583,mchellingworthg6,Matelda,Chellingworth,mchellingworthg6@wp.com,"yT2""q19hgg<",8263094052,22 Morning Parkway
584,smerielg7,Stanislaus,Meriel,smerielg7@aol.com,mZ1)ZHiKGOg#+s,6063054926,4886 Elmside Trail
585,gpassmang8,Gardner,Passman,gpassmang8@boston.com,rP8`O)SrL7n$D,5642334773,65 Lillian Junction
586,aanlayg9,Agretha,Anlay,aanlayg9@ibm.com,bP0~6?(7<qka,5633188564,576 Logan Avenue
587,sbakesga,Simmonds,Bakes,sbakesga@who.int,fW5?mZF\<F1,5689188342,13776 Hallows Lane
588,bdarthegb,Bobby,Darthe,bdarthegb@oakley.com,kZ2}D%{*N`,1395338017,482 Hermina Parkway
589,wolyuningc,Wit,Olyunin,wolyuningc@sphinn.com,gZ2%J`\s1nh,3496575493,60 Mariners Cove Terrace
590,hselkirkgd,Hayes,Selkirk,hselkirkgd@berkeley.edu,mO0{'!W#<R,4964159813,43 Acker Lane
591,gwannellge,Garry,Wannell,gwannellge@unicef.org,lS9&/.g1,3227453511,44 Monument Road
592,ghradskygf,Gabriel,Hradsky,ghradskygf@skyrock.com,tJ0$`&ckO}b%#gTd,2166365307,32 Moose Pass
593,aabbiegg,Alli,Abbie,aabbiegg@cbsnews.com,"aI6""A}Kb#g",7903055220,38 Fieldstone Hill
594,hboxhallgh,Haley,Boxhall,hboxhallgh@nih.gov,"kM7?mW""apnxS)",2943001644,523 Northview Alley
595,ccarriergi,Colby,Carrier,ccarriergi@alexa.com,nH5!Hofo(zEc{,6797890071,33033 Sunbrook Alley
596,msevernsgj,Millisent,Severns,msevernsgj@bizjournals.com,"zS0""n.,pbrb+~6",4144508583,3 Bartelt Plaza
597,jnicholasgk,Jeane,Nicholas,jnicholasgk@flavors.me,"hA1|qITa1""%qB\g",8163826877,2 Sunbrook Drive
598,bsarjentgl,Banky,Sarjent,bsarjentgl@facebook.com,jH6|k}`>~(!r,2909449856,48 Ramsey Court
599,fryvesgm,Friederike,Ryves,fryvesgm@altervista.org,"pJ5!8""\LBB",9833048844,3 Service Circle
600,jmacdermandgn,Jordan,MacDermand,jmacdermandgn@sun.com,nC1?o$p5\/%X&/`,3354338369,9 Bunting Trail
601,jhoulridgego,Juliana,Houlridge,jhoulridgego@noaa.gov,vB0|nqDZm&=A|/?',8143771487,33 Green Ridge Avenue
602,geinchcombegp,Greer,Einchcombe,geinchcombegp@wikimedia.org,nX6(r/D>&<B0M,5593357952,1257 Arizona Alley
603,tferrerogq,Tess,Ferrero,tferrerogq@edublogs.org,"wP9~\P,73%VyH*",2877644456,0397 Sunnyside Court
604,smoreinisgr,Stinky,Moreinis,smoreinisgr@bloglovin.com,vX8#%3pzMJ,6327996384,0214 Manitowish Drive
605,muptongs,Mariska,Upton,muptongs@discovery.com,"rR4#@""!2p1qeOO",3366319421,13 Fulton Way
606,ogrzelczykgt,Ora,Grzelczyk,ogrzelczykgt@addthis.com,"fN9)g+NJ,",5387308907,6 Twin Pines Pass
607,labbisgu,Larissa,Abbis,labbisgu@jimdo.com,xC3=`4PAl(SK,5176007909,35548 Grover Terrace
608,kbrabbinsgv,Kelsey,Brabbins,kbrabbinsgv@umn.edu,iX8)9P3B,3912604194,18 Ronald Regan Alley
609,vstanergw,Val,Staner,vstanergw@ucoz.ru,"sE5~SMVS%mK2""'<m",3401330342,49170 Menomonie Place
610,jyitzovitzgx,Juieta,Yitzovitz,jyitzovitzgx@wsj.com,gA5{$z4H/uw\,7134698808,442 Pearson Crossing
611,epeermangy,Eba,Peerman,epeermangy@spotify.com,iW8?SLOo#,8806480866,71 Charing Cross Center
612,fpoaggz,Forrest,Poag,fpoaggz@desdev.cn,"xI8#_fH,&e/N@_k",3161012685,7 Iowa Center
613,pmumbersonh0,Phillip,Mumberson,pmumbersonh0@harvard.edu,xT7`nYzI_r&{3A,9912375675,5356 West Pass
614,fsidlowh1,Florida,Sidlow,fsidlowh1@loc.gov,"eK2""4K|BeE}Gif#K",6682517923,46 Lotheville Road
615,aslayh2,Andros,Slay,aslayh2@hhs.gov,nS3_'qS_,1503800733,47 Lakewood Gardens Pass
616,ltinkerh3,Loretta,Tinker,ltinkerh3@zimbio.com,vA7/|((X2w,8063163787,9608 South Way
617,lsamesh4,Lettie,Sames,lsamesh4@oracle.com,lL7|@=vqZL'la,5846973000,8 Pond Circle
618,sshuteh5,Sherri,Shute,sshuteh5@ibm.com,"qA3(SLZr,(%!v@",1994088470,11573 Sommers Place
619,lcliffeh6,Lem,Cliffe,lcliffeh6@hubpages.com,pJ5.Z&A=w4mI,1392994870,2 Surrey Plaza
620,jwindlessh7,Joly,Windless,jwindlessh7@hibu.com,gG6.Z\<NUH@+Q'$,5904766384,9581 Tony Center
621,ngomersalh8,Nessa,Gomersal,ngomersalh8@icq.com,uQ3$U|*WS,5593891605,16453 Transport Drive
622,fdikesh9,Felicity,Dikes,fdikesh9@hatena.ne.jp,aE3~nf6vW=6U@dC,6509609641,5147 Carpenter Lane
623,vlaminmanha,Vasilis,Laminman,vlaminmanha@blogs.com,qI6)X)O~~J(zrwhZ,6956017851,423 Erie Way
624,fbrimilcombehb,Fredek,Brimilcombe,fbrimilcombehb@blogs.com,iP1}iN44,2715425531,34 Cascade Plaza
625,sbernollethc,Sander,Bernollet,sbernollethc@usatoday.com,rY3#F}&XGh%n5,8616148487,1 Mesta Junction
626,lrikelhd,Lizette,Rikel,lrikelhd@dailymail.co.uk,"eU2`EWEzE""aI",5632613167,34725 Nancy Way
627,kwaterhoushe,Kassie,Waterhous,kwaterhoushe@phoca.cz,pE9{VV{9<(16@A<*,6352305659,5 Almo Lane
628,acutbushhf,Arlette,Cutbush,acutbushhf@prnewswire.com,xG9%9Q7RNF@',5247674808,9615 Mitchell Plaza
629,cannetshg,Christian,Annets,cannetshg@answers.com,kX2**umd*MK8!>o/,4832590190,11589 Sloan Street
630,carmandhh,Calv,Armand,carmandhh@hao123.com,"dJ2*GZJ""efT,*",7221362955,5106 Brickson Park Street
631,hkitneyhi,Hilton,Kitney,hkitneyhi@ustream.tv,uF1/rnPwnjig,4372831402,06664 Pawling Trail
632,gtrewinnardhj,Garrot,Trewinnard,gtrewinnardhj@theglobeandmail.com,iO9#s{@M7fT4/$`J,9134706575,90231 Corscot Drive
633,pleathershk,Pascale,Leathers,pleathershk@prlog.org,"iP2,e!qVUxH1",6992978530,899 Loeprich Lane
634,dphiferhl,Dita,Phifer,dphiferhl@ustream.tv,kP4{D.v@?O&,1662807903,5490 Ludington Court
635,rmaccarranehm,Rad,MacCarrane,rmaccarranehm@prnewswire.com,iQ9<S*\pCWL1px*|,2751633009,09 Vernon Court
636,ccammiemilehn,Cherie,Cammiemile,ccammiemilehn@europa.eu,"dH2!<<Xm,",1636269443,1197 Trailsway Plaza
637,nwombwellho,Noell,Wombwell,nwombwellho@blinklist.com,"nJ9},'D$lx5.&*wO",5076212075,748 Bashford Hill
638,mbeethamhp,Mindy,Beetham,mbeethamhp@upenn.edu,bV3~#N_H,4016634009,801 Del Mar Plaza
639,vpynehq,Vally,Pyne,vpynehq@macromedia.com,kJ7_$mGC\I,9318139771,365 Lien Hill
640,gbexonhr,Gwyneth,Bexon,gbexonhr@github.io,vP2&wyT{%jB9dnb,5008155592,9 Grim Road
641,ecuerdahs,Enrica,Cuerda,ecuerdahs@phpbb.com,xC9!rf.aO7!9r,6479286757,8374 Carioca Center
642,afauninght,Amaleta,Fauning,afauninght@ucla.edu,"tK5""qYI,",1702422718,30 Kenwood Trail
643,aashfoldhu,Arney,Ashfold,aashfoldhu@shop-pro.jp,"yY5_F>!<'d""I6",2758922350,91 Ronald Regan Court
644,eshrievehv,Esther,Shrieve,eshrievehv@simplemachines.org,dT0+_p5q047+bY\),5831125808,30 Garrison Circle
645,rtuplinghw,Raynard,Tupling,rtuplinghw@fc2.com,tZ4`rEIMJ,7186129042,5217 Fair Oaks Hill
646,llachaizehx,Lincoln,Lachaize,llachaizehx@dion.ne.jp,bJ0>f{D<?(0y4hv0,6128116591,7 Glacier Hill Way
647,hwearhy,Hodge,Wear,hwearhy@yolasite.com,iS4_}DFU,6779191068,1 Hoard Parkway
648,wcollcutthz,Wittie,Collcutt,wcollcutthz@boston.com,"gH4''p,4%z",9174805206,1237 Luster Drive
649,kmccraei0,Keir,McCrae,kmccraei0@com.com,mZ3_pT0/Bug,5775935350,20 Hauk Avenue
650,duccellii1,Derrick,Uccelli,duccellii1@ovh.net,qB9}{wFI,7399119873,9398 Dahle Hill
651,lriddioughi2,Loria,Riddiough,lriddioughi2@youku.com,gZ0/kUSB.uuC}c,5805577919,38 Truax Place
652,ybullioni3,Yolanda,Bullion,ybullioni3@goo.ne.jp,lQ4>K(pOFIx?,6895968168,7094 Lighthouse Bay Drive
653,pmccrawi4,Putnam,McCraw,pmccrawi4@blog.com,yF2/j#o!5,3109304579,289 Raven Crossing
654,cshinglesi5,Celestine,Shingles,cshinglesi5@disqus.com,dP9=#bV5\,3861982878,7 Lawn Avenue
655,ebrabhami6,Ephraim,Brabham,ebrabhami6@artisteer.com,sC9#f}eR,4733821755,2456 Village Hill
656,enoteyoungi7,Ebonee,Noteyoung,enoteyoungi7@mashable.com,eK8=BOMVrx6gJIZw,1407395499,43 Graceland Park
657,rkamingi8,Rennie,Kaming,rkamingi8@rambler.ru,qB0!YvJ1.og.8\,2021313460,8511 Weeping Birch Point
658,wcarlozzii9,Willy,Carlozzi,wcarlozzii9@bravesites.com,"hH1)""9(,",3338575867,37028 Straubel Hill
659,itravesia,Iolanthe,Traves,itravesia@joomla.org,kB4/m{Vl,9955800210,7 Manufacturers Avenue
660,hbogaysib,Hilton,Bogays,hbogaysib@de.vu,"xP8>,p%=|Y",3612870005,94707 Redwing Center
661,cbrognotic,Clemmy,Brognot,cbrognotic@mtv.com,tS8\VkQ`>lA%},6762147790,19 Sutteridge Plaza
662,hbahlsid,Hall,Bahls,hbahlsid@bing.com,"aL1~CV{WwRt?,B~V",3767531369,179 Twin Pines Park
663,sgilbartie,Shepperd,Gilbart,sgilbartie@arizona.edu,"gD6<Q""?.myv",4348880337,230 David Alley
664,tgirodif,Tailor,Girod,tgirodif@unicef.org,aM4.\Y.m?,5794311598,315 Portage Alley
665,hvaillantig,Henri,Vaillant,hvaillantig@engadget.com,oT9@~M{jeG5GS4\,3503617923,4 Warbler Park
666,amacfadzeanih,Alejoa,MacFadzean,amacfadzeanih@ucla.edu,aR1~{wa}n3/77C,6927092812,97435 Hovde Terrace
667,beggertonii,Bernie,Eggerton,beggertonii@icq.com,"jN4|Fjr?cNS,,",6545050568,02621 Sherman Avenue
668,jhowisij,Jerrome,Howis,jhowisij@t-online.de,"oU2*``WO>,p&V&",5209516018,545 Farwell Hill
669,rsalvinik,Ross,Salvin,rsalvinik@ycombinator.com,zE8=|!Du+8A?u~Xp,6827219067,35389 Logan Plaza
670,mconeybeeril,Mace,Coneybeer,mconeybeeril@youku.com,bG8%wD<6p/I!&Y,7348633398,23171 Marquette Circle
671,cabramim,Christian,Abram,cabramim@army.mil,"aB6,DB'X>(o",1473626258,96 Dakota Way
672,faxelbeyin,Ferd,Axelbey,faxelbeyin@fc2.com,xJ7\aBm{,5125214855,456 Harper Crossing
673,wmycroftio,Wheeler,Mycroft,wmycroftio@disqus.com,jG5@*yN<{{,3417902226,9975 Stephen Circle
674,pridgerip,Pansie,Ridger,pridgerip@auda.org.au,fE0=jfHU@aM,8645686328,7 Dahle Terrace
675,rdankoiq,Robert,Danko,rdankoiq@bbc.co.uk,uT0!3uGH%Q@nh,2248672759,918 Sutteridge Plaza
676,bstandingfordir,Beverie,Standingford,bstandingfordir@meetup.com,"kU0/PJCVD#""*9K<M",7055654343,626 Anthes Road
677,cupchurchis,Carlin,Upchurch,cupchurchis@shinystat.com,aQ6*>K`jPZ?(YnM,7423469131,36 Meadow Vale Parkway
678,rlittlejohnsit,Rance,Littlejohns,rlittlejohnsit@ted.com,tH6`>|'X,3155330848,1075 Mayer Point
679,gsongustiu,Gayleen,Songust,gsongustiu@kickstarter.com,"iE0,~9oEiqD<",1905882207,228 Jenifer Park
680,mprobetsiv,Marlie,Probets,mprobetsiv@wunderground.com,vT7.S4SY!|?I0V,5524597139,7 Sheridan Drive
681,smcgaraghaniw,Suzie,McGaraghan,smcgaraghaniw@nasa.gov,bX5?d06`~AQ*,4708487388,227 Sunfield Trail
682,dbrimmacombeix,Dael,Brimmacombe,dbrimmacombeix@symantec.com,bR8>bBACO7~,9709570320,6 Texas Road
683,fwhilesiy,Fernandina,Whiles,fwhilesiy@rambler.ru,vS4~+%y#<TO,5026188300,59615 Lunder Junction
684,idyettiz,Idette,Dyett,idyettiz@nymag.com,"nH0~K_|5F`,D}",9116619688,3177 Aberg Court
685,alocalj0,Alvis,Local,alocalj0@omniture.com,bM2<&UHOrj,5348413506,03859 Scott Way
686,qnewlynj1,Quinlan,Newlyn,qnewlynj1@dyndns.org,oW6@i|UY5d5,7584159452,970 Myrtle Way
687,dbedhamj2,Denna,Bedham,dbedhamj2@earthlink.net,sR9&Rb4eAu*P,8987823524,9129 Village Park
688,llumblyj3,Lenee,Lumbly,llumblyj3@wikia.com,"uT1""A,>TT0w8LDb?",4885501678,49 Heffernan Hill
689,gbloomanj4,Gilberta,Blooman,gbloomanj4@gov.uk,uE6.MeHu*,4132208395,71645 Roxbury Pass
690,ekivellj5,Etheline,Kivell,ekivellj5@amazon.com,cE4(o_*LMqp,8095724933,05926 Knutson Center
691,nblownj6,Nedi,Blown,nblownj6@themeforest.net,vI1!A*EkfqRKg,9843307112,66 Anderson Lane
692,arochesterj7,Alanson,Rochester,arochesterj7@uol.com.br,pL2={k8r,6792780263,48184 Johnson Point
693,aolpinj8,Augusto,Olpin,aolpinj8@cbc.ca,cD5!?=V2qCksE,6078049782,97 Kingsford Pass
694,acasperj9,Anabel,Casper,acasperj9@google.com.hk,nX0*I2S3,8924434718,45995 Sundown Road
695,mokija,Michell,Oki,mokija@adobe.com,lZ8_zT\`iPnJId,3365495313,276 Shasta Park
696,rlydiattjb,Robinet,Lydiatt,rlydiattjb@businessweek.com,dT3/o#p/,7449564988,1 Hintze Plaza
697,mbohdenjc,Merrile,Bohden,mbohdenjc@theguardian.com,eK5?Hj_},6016493181,3 Pankratz Point
698,nandrockjd,Noel,Androck,nandrockjd@scientificamerican.com,mG9?~ZXZ@,8132187651,422 Donald Parkway
699,weallesje,Wendie,Ealles,weallesje@mozilla.com,zX0$b*Alp,5592612770,5 Swallow Drive
700,svaughamjf,Shina,Vaugham,svaughamjf@goo.gl,"nU9/T,MS}",8381166439,718 Hoard Crossing
701,hantosikjg,Hebert,Antosik,hantosikjg@mac.com,"sN0&71Q""VTwzX",8592847608,87641 Portage Drive
702,wanyonjh,Willey,Anyon,wanyonjh@sitemeter.com,fT0~PP/*s,2437195479,66 John Wall Way
703,bchurchouseji,Beaufort,Churchouse,bchurchouseji@spotify.com,"dE0.!WMH{`nKkET,",8596457612,26 Fallview Alley
704,aklemkejj,Arleta,Klemke,aklemkejj@sun.com,zP0_}gWvU'(2*),8366564952,533 Fair Oaks Park
705,cshearmejk,Carl,Shearme,cshearmejk@simplemachines.org,fG2*H\jwE&`S,6451231282,17 Del Mar Drive
706,kchippsjl,Kelby,Chipps,kchippsjl@joomla.org,iT8}swH9lYC!>,6001497600,6611 David Crossing
707,eedmonstonjm,Edmon,Edmonston,eedmonstonjm@technorati.com,fJ1.`HiG>,1114781729,8 Killdeer Point
708,dgoodingejn,Dorey,Goodinge,dgoodingejn@prnewswire.com,"pU1""3@WqA(,""c\",9206415948,41885 Chive Terrace
709,aeykelhofjo,Arel,Eykelhof,aeykelhofjo@fotki.com,zC8>B~zP{w,9245687657,2344 Ridge Oak Circle
710,jperezjp,Julina,Perez,jperezjp@mlb.com,mL1*LqEvql/H`a,9023450041,5 Lyons Road
711,thearndenjq,Teriann,Hearnden,thearndenjq@umn.edu,cL8.Qq)*2<RNj(9w,2976443885,7509 Hintze Road
712,callchinjr,Cassy,Allchin,callchinjr@vkontakte.ru,uR0#Ar/|6H6O!+V=,9231186993,09 Prairie Rose Road
713,dcasottijs,Dynah,Casotti,dcasottijs@vk.com,yO5`T*U}(pbhdmK$,3432079893,2 Harbort Circle
714,sstallanjt,Sharai,Stallan,sstallanjt@mac.com,eG6<v0f@RWi{Qi3,4988219480,89 Menomonie Terrace
715,gcushworthju,Gracie,Cushworth,gcushworthju@intel.com,lZ0?zLCtPhqdM,8896390882,4 Grover Park
716,bwickersleyjv,Bartlett,Wickersley,bwickersleyjv@ehow.com,jO8<HA`=P,2709970363,4 Warbler Way
717,bwhissonjw,Beatrix,Whisson,bwhissonjw@wiley.com,"cZ4{C.BFY""v,Zoq",8349732000,0 Bowman Center
718,rdohrmannjx,Rosalyn,Dohrmann,rdohrmannjx@merriam-webster.com,bX3%mx&'&l3Sl@,6304480588,0286 Clarendon Crossing
719,rwollrauchjy,Ryley,Wollrauch,rwollrauchjy@cmu.edu,"vZ2,.h!4W",6394714605,30929 Harbort Park
720,cdumingosjz,Celina,Dumingos,cdumingosjz@blogs.com,eV9/iRS$1,4712955843,25736 Menomonie Hill
721,gfindenk0,Goddard,Finden,gfindenk0@nydailynews.com,qX5~d!N.IX2(5,5611358731,6 Northland Alley
722,gyeok1,Gavan,Yeo,gyeok1@guardian.co.uk,"jN4=FS""ze)H<y{2G",8063781168,41991 Cardinal Junction
723,mdallywaterk2,Margalit,Dallywater,mdallywaterk2@tmall.com,hD9|UcC+=Y~VT@D,3088326123,1 Parkside Point
724,spauluccik3,Sibyl,Paulucci,spauluccik3@springer.com,xQ0%|VNl,3083930670,66 American Alley
725,wchishullk4,Woody,Chishull,wchishullk4@economist.com,bS6(XQ!~_z,8537825400,9 Merchant Junction
726,mtaffurellik5,Merry,Taffurelli,mtaffurellik5@usgs.gov,lV8$\vi>ZoHVZ<\i,1547818566,5844 Hallows Circle
727,akilgannonk6,Arielle,Kilgannon,akilgannonk6@ucoz.ru,"gW7,V_?b}f<7c",7112114454,4 Mcguire Place
728,tdinank7,Terencio,Dinan,tdinank7@paginegialle.it,jC9%ev>o*QQ_,7537959575,638 Mandrake Lane
729,amcreathk8,Anita,McReath,amcreathk8@facebook.com,uH3_o|/8=,4839483793,0168 Merrick Hill
730,hlourencok9,Hendrick,Lourenco,hlourencok9@dot.gov,kM6\B9YP7WqOR<S,6799021984,41208 Fulton Road
731,nthieska,Noel,Thies,nthieska@tumblr.com,xD8%g}GQ~D7X,3493232642,3 Carpenter Terrace
732,dsanchokb,Danette,Sancho,dsanchokb@mapy.cz,bC8&n|)>7>u|I,1418496342,123 Dixon Court
733,ldovermannkc,Lesley,Dovermann,ldovermannkc@nps.gov,nN1/Z_aP|@Hx,9675055239,70164 Carioca Circle
734,opadellkd,Orelia,Padell,opadellkd@reverbnation.com,hP3.6j'8k,7044410700,639 Buhler Trail
735,rklimochkinke,Raffaello,Klimochkin,rklimochkinke@admin.ch,"iE4""C#5atg5&C",1473529893,5798 Montana Street
736,ecuredellkf,Ethelda,Curedell,ecuredellkf@comsenz.com,sA1`_td2z_!%,1802333255,790 Meadow Ridge Parkway
737,fbresnahankg,Fay,Bresnahan,fbresnahankg@pcworld.com,"oP2{6C+A,\'n2`f",1261760256,98 Sage Place
738,emapiskh,Emmye,Mapis,emapiskh@npr.org,eN8~>I%2IW,6271307594,94594 8th Center
739,mcritcherki,Mufi,Critcher,mcritcherki@cafepress.com,bB1}h|_4,6967352541,55032 Manitowish Circle
740,dshannkj,Dix,Shann,dshannkj@apple.com,gD5.0(8C,2575870627,59193 Texas Hill
741,mtidmaskk,Marty,Tidmas,mtidmaskk@etsy.com,"nD5"">wzsHN>",1811995570,07253 Caliangt Way
742,cchaffeykl,Cherice,Chaffey,cchaffeykl@stanford.edu,"eN0,$d|Vu",5304876867,124 Bluestem Court
743,rtocknellkm,Robb,Tocknell,rtocknellkm@list-manage.com,sX7(M@(|f>,3923722465,3625 Veith Way
744,nmylechreestkn,Niall,Mylechreest,nmylechreestkn@yandex.ru,vV2>nE6~2<Vw9,7566680143,55 Maywood Road
745,rbellchamberko,Rice,Bellchamber,rbellchamberko@hao123.com,xY9*aZ3Yl.T{bDZE,7468908498,6 Nevada Park
746,inelsenkp,Imogene,Nelsen,inelsenkp@theguardian.com,tN2=1zT#`<8\8oc,3339539295,7 Springs Hill
747,akohterkq,Amandi,Kohter,akohterkq@vimeo.com,lZ4)qPX8qf0)EM,7475671008,6274 Katie Way
748,gcripinkr,Grace,Cripin,gcripinkr@icio.us,jS2&tZv)x!}Cn,2013153976,13278 Erie Terrace
749,bwetternks,Barry,Wettern,bwetternks@4shared.com,"qB3@J`""f4+",9851432522,30 Roth Trail
750,abarringtonkt,Abie,Barrington,abarringtonkt@furl.net,lI0)_7pt?q,3045346937,2 Brown Alley
751,nvahlku,Nichols,Vahl,nvahlku@bloomberg.com,"bM0_|x""jCC0uH=g",1012217147,6 Warner Terrace
752,pmonkmankv,Philis,Monkman,pmonkmankv@barnesandnoble.com,"qX6++""$""iEN,",7009599847,084 Fairfield Center
753,wjaskowiczkw,Wendy,Jaskowicz,wjaskowiczkw@bravesites.com,rX0}e~Vm6OeNFN/,5156464091,5093 Harper Hill
754,cinkpinkx,Cher,Inkpin,cinkpinkx@bluehost.com,gS0.nHr_fr+p,9536364087,967 Pankratz Place
755,tirelandky,Tiffani,Ireland,tirelandky@cnbc.com,lQ2}p+{xd,1801704830,94 Maryland Avenue
756,bbootykz,Barbra,Booty,bbootykz@posterous.com,nG8|76X#,9889574324,2 Huxley Hill
757,litschakovl0,Ladonna,Itschakov,litschakovl0@canalblog.com,dG8.?eI3|yw'Bb23,7587352764,53 Cascade Trail
758,bhacklyl1,Bendite,Hackly,bhacklyl1@smh.com.au,bL8|Za2r,2333580219,18 Clove Terrace
759,pgennrichl2,Portie,Gennrich,pgennrichl2@ft.com,"fI9~C02UJ.,ivt#",4108328408,8 Thackeray Center
760,sotoolel3,Sula,O'Toole,sotoolel3@addthis.com,"fB9}),|BV",9913900585,53 Anderson Street
761,slyburnl4,Sunny,Lyburn,slyburnl4@booking.com,kA1}Kp'$_/On,4602876912,810 Sunbrook Circle
762,tcogglesl5,Timi,Coggles,tcogglesl5@liveinternet.ru,xG8=)3u6K=J7j,6353851547,02965 Muir Circle
763,ebachnicl6,Elenore,Bachnic,ebachnicl6@addtoany.com,sT3(?qerB,9796804838,8 Ridgeway Pass
764,nmcqueenl7,Noemi,Mc Queen,nmcqueenl7@yandex.ru,xP9&_+KGxMD>TV7,5622380575,36 Lotheville Road
765,dobrallaghanl8,Debra,O'Brallaghan,dobrallaghanl8@mysql.com,cT8{n6F){,4334425882,80 Bayside Parkway
766,jsammsl9,Jeniece,Samms,jsammsl9@printfriendly.com,tC7||4`BmvH'c,3803650598,7 Sunfield Street
767,dgrutla,Dean,Grut,dgrutla@flickr.com,"jJ6#hP,md|*a$Ey2",8713470170,7500 Carey Park
768,croscampslb,Cecilius,Roscamps,croscampslb@umich.edu,qL5$J{Hm+dcSe,2557811295,9303 Goodland Parkway
769,mruddocklc,Marietta,Ruddock,mruddocklc@fastcompany.com,dS2<sK7/POvl~mTn,9724111177,61 Brown Road
770,cbrigdenld,Clarine,Brigden,cbrigdenld@google.fr,yA0~$W#q,5068052017,58 New Castle Street
771,fgrumleyle,Farica,Grumley,fgrumleyle@e-recht24.de,"gV9,.mVy*c=9wn#",3315456918,41 Superior Center
772,mtakoslf,Merry,Takos,mtakoslf@marketwatch.com,dB3$}>k?}%j,9912002107,50 Steensland Road
773,dblagbroughlg,Donnie,Blagbrough,dblagbroughlg@cam.ac.uk,"rL2,Q)VLT",4503198586,53 Butternut Trail
774,rgillingslh,Rianon,Gillings,rgillingslh@nasa.gov,xX2)+>L=,5564497471,76 Tennessee Hill
775,jleghornli,Jerrylee,Leghorn,jleghornli@columbia.edu,xR9+?6PFRs_,2155131124,1603 Dwight Crossing
776,deverestlj,Daron,Everest,deverestlj@weebly.com,"wJ2)Pp""\.u6XKYs",5772570175,6016 Mcbride Pass
777,apeterilk,Alastair,Peteri,apeterilk@china.com.cn,eJ2%jE1=Uicl,8966152574,1 John Wall Plaza
778,charronll,Christos,Harron,charronll@technorati.com,"yC5=eJOD<gW,`a_~",1996117235,60 Clyde Gallagher Court
779,wparlorlm,Wenda,Parlor,wparlorlm@usda.gov,uA6\uY_7Mm4F,3132993093,726 Delaware Way
780,tbrinsdenln,Tybi,Brinsden,tbrinsdenln@mit.edu,hY8}}Zjx97hKP),5314941123,5479 Artisan Pass
781,mleindeckerlo,Mano,Leindecker,mleindeckerlo@bigcartel.com,jV6*PNC9FaL(0CA,6185187236,93 Pierstorff Trail
782,ecouserlp,Elihu,Couser,ecouserlp@tripadvisor.com,pT2(UpU5H3W~L#Hh,6243214285,922 Sundown Plaza
783,eivamylq,Emmott,Ivamy,eivamylq@rambler.ru,gY2>Jnb_Aa__I|3+,8001240356,20 Hermina Drive
784,cdeeganlr,Carola,Deegan,cdeeganlr@amazon.de,jF8/.X&&K,8317104362,0 Cordelia Avenue
785,nsyslandls,Nadya,Sysland,nsyslandls@auda.org.au,bW8*T6n7w1,3081917460,47 Holy Cross Lane
786,ojoinerlt,Octavia,Joiner,ojoinerlt@altervista.org,sD2.X4tBmsM4<,6221415090,616 Wayridge Avenue
787,pfromelu,Paulie,Frome,pfromelu@oracle.com,cV6}lDFC~,6393539694,226 Corben Point
788,spawlaczyklv,Stavro,Pawlaczyk,spawlaczyklv@nih.gov,iP0&|1{gY,2499760822,6580 Hansons Junction
789,jpostenlw,Jordana,Posten,jpostenlw@bloglovin.com,lU2+%1_#{'4I,6753941531,769 Kings Trail
790,mkarolewskilx,Mordy,Karolewski,mkarolewskilx@wsj.com,tH1(m1.ML,8931384154,3088 Raven Alley
791,ebaguleyly,Ewan,Baguley,ebaguleyly@usnews.com,jY9/re*4O9z$mO3,4348615359,60 Gulseth Park
792,gkummerlowelz,Garrett,Kummerlowe,gkummerlowelz@gravatar.com,"gU8%\mA(_a""``21U",9692885426,9068 Bonner Parkway
793,jrustichm0,Jade,Rustich,jrustichm0@dmoz.org,lB6=L>ITN,6818306978,9779 Dwight Road
794,rcanelasm1,Roma,Canelas,rcanelasm1@comcast.net,jX0#~`P3y*R04)q,2434442622,57 Huxley Road
795,lszwandtm2,Leontyne,Szwandt,lszwandtm2@edublogs.org,tF2+rG|e~7SHl,9206924494,988 Clarendon Circle
796,lwedderburnm3,Lemmie,Wedderburn,lwedderburnm3@1und1.de,kU5<d.adPuY,8975376611,5 Carpenter Alley
797,sharrowm4,Sherman,Harrow,sharrowm4@hp.com,qP1=%~6M4J9y,6646402219,9824 Surrey Drive
798,mquembym5,Marguerite,Quemby,mquembym5@sohu.com,oI9.c2X9j#,6396701213,71 Cherokee Park
799,esailorm6,Emery,Sailor,esailorm6@usda.gov,bI2\efc@o?/,8958403504,0590 Longview Crossing
800,cmighelem7,Celinka,Mighele,cmighelem7@youtu.be,rN1(MXDwg,3228815866,33 Warner Alley
801,dbengocheam8,Dilan,Bengochea,dbengocheam8@angelfire.com,"fD1`\vDj""",2368198777,69477 Dayton Point
802,jplattm9,Janette,Platt,jplattm9@youtube.com,jS0`p+P5tjy<x!,3986998192,91 Lakeland Road
803,rmarplesma,Romona,Marples,rmarplesma@google.it,yS7<Lh/'N3WB,3081461756,0 Springs Place
804,rgantermb,Ronnie,Ganter,rgantermb@comsenz.com,sC4&P4<u9I,7964319924,2 Maple Wood Point
805,bknightsbridgemc,Blancha,Knightsbridge,bknightsbridgemc@alexa.com,fF3}vOZdme=,5554667194,250 Steensland Trail
806,khightownmd,Kally,Hightown,khightownmd@usgs.gov,hU8<TX4$Ir\SRov,9482328364,34574 Myrtle Hill
807,shumblesme,Sharlene,Humbles,shumblesme@scribd.com,cQ4|laD8l`g,8912304317,3 Raven Crossing
808,gyesipovmf,Gabbie,Yesipov,gyesipovmf@wordpress.com,bF4}nTmD@,7487857846,82 Clyde Gallagher Crossing
809,rleborgnemg,Reg,Le Borgne,rleborgnemg@technorati.com,"eL7_/y,b9",5869523095,63 Dapin Point
810,nvarseymh,Niko,Varsey,nvarseymh@exblog.jp,hU7.G$zCin,8843209655,09322 Maryland Road
811,htregianmi,Hynda,Tregian,htregianmi@yelp.com,cZ2$J71*,3208696037,71604 Myrtle Pass
812,flyttlemj,Finlay,Lyttle,flyttlemj@earthlink.net,"iY9@H""}$6Ar_Y{o",7277144049,9773 Bluejay Crossing
813,jwillavizemk,Joannes,Willavize,jwillavizemk@yolasite.com,xV1#JFb$h,9758406514,033 Leroy Plaza
814,bwalbridgeml,Bendicty,Walbridge,bwalbridgeml@gmpg.org,vA8(cYzh@,3396087677,79 Hazelcrest Road
815,kklishinmm,Katharina,Klishin,kklishinmm@nbcnews.com,uO7{>!'b!I,8157663401,514 Westerfield Terrace
816,mpetraitismn,Maxi,Petraitis,mpetraitismn@weibo.com,eA6\6*?=5<f6<u1{,4984876749,8982 Aberg Way
817,odegiorgimo,Osbourn,De Giorgi,odegiorgimo@nih.gov,wG3'_#5sc,5239258167,04876 Oakridge Pass
818,chuetmp,Carmine,Huet,chuetmp@eventbrite.com,qY9(q={$xtBBu8,4983256235,446 Commercial Drive
819,kstickelmq,Keven,Stickel,kstickelmq@vinaora.com,"cY5>""sLm5K#}(S",6827255386,3 Cardinal Street
820,abrobeckmr,Angelita,Brobeck,abrobeckmr@shareasale.com,hF9}N)CGjlx,7247709673,84 Duke Lane
821,cclendeningms,Clemente,Clendening,cclendeningms@addtoany.com,lI4#kb90Rv<,9077341486,60 Vidon Center
822,jgrimmt,Jacklin,Grim,jgrimmt@timesonline.co.uk,yU3'2)QYL,2307231639,521 Grasskamp Avenue
823,dalthropmu,Derrik,Althrop,dalthropmu@plala.or.jp,"hQ6!FT""fXF""sfH",1934510726,30817 Macpherson Crossing
824,hhandymv,Had,Handy,hhandymv@archive.org,xC7+|v!\w,4951661916,0 Dayton Point
825,jravenshawmw,Jameson,Ravenshaw,jravenshawmw@livejournal.com,kF9%#|s/{QC,4547105476,2 Artisan Junction
826,nserrelsmx,North,Serrels,nserrelsmx@nydailynews.com,hF6`&yi+})#4l#,3387462332,2 Esch Terrace
827,bbattingmy,Barth,Batting,bbattingmy@meetup.com,"cQ9_y""1hh",1267836572,1 Nova Street
828,dgollingmz,Darius,Golling,dgollingmz@facebook.com,"bS7,W_i~t",6084051384,45 Sommers Place
829,jtallonn0,Joe,Tallon,jtallonn0@apache.org,"bP4!K('qz""O+e<",7645509249,16 Tomscot Trail
830,mmckertonn1,Maurice,McKerton,mmckertonn1@patch.com,zH4*c0+ee'NGaY,7884614530,22 Clarendon Trail
831,llaityn2,Leonerd,Laity,llaityn2@cargocollective.com,"rG5,Qvgj*TvQ",3852855216,9922 Arizona Drive
832,hblowenn3,Hynda,Blowen,hblowenn3@macromedia.com,"jR6,Jij|T@XDA",8846713638,302 Fulton Street
833,igrindleyn4,Inna,Grindley,igrindleyn4@npr.org,xU9)7oUg,4927868211,8 Pawling Hill
834,cgantleyn5,Chastity,Gantley,cgantleyn5@answers.com,xU2?`DQBw0,8862332697,12 Walton Court
835,wgeindren6,Whitby,Geindre,wgeindren6@hubpages.com,zG9@d(zvM.UJZ},8459178266,6864 Carberry Alley
836,cupcraftn7,Celestine,Upcraft,cupcraftn7@alexa.com,sX7$yYra~n,3666043341,91 Pine View Street
837,fsabattiern8,Faun,Sabattier,fsabattiern8@cpanel.net,mA2\C0KFa8&x'p,5918970677,20 Sage Pass
838,cheerann9,Chanda,Heeran,cheerann9@google.com.hk,pM1*47ep,1315497725,42480 Sauthoff Avenue
839,wnorringtonna,Winny,Norrington,wnorringtonna@sitemeter.com,qW4&8t%a6v=,6745308090,7067 Bluejay Lane
840,ibonfieldnb,Ivett,Bonfield,ibonfieldnb@nsw.gov.au,hN3'P~Ho,3294613575,5221 Fisk Court
841,btyndallnc,Barbaraanne,Tyndall,btyndallnc@printfriendly.com,mV0&$eAmEe,7648711440,42 Golf Course Place
842,ktreadgernd,Kelli,Treadger,ktreadgernd@topsy.com,qT6`3AQa~&rw,1355441897,10514 Emmet Hill
843,emckiddinne,Erny,McKiddin,emckiddinne@yahoo.com,sE7#~9IPR@,4214261562,3 Bonner Hill
844,pjostannf,Philomena,Jostan,pjostannf@squarespace.com,"yS1.~vH}CRQ""\R!t",1589838272,72 Bonner Plaza
845,pcogleyng,Pearce,Cogley,pcogleyng@nymag.com,"sQ7""b|Vw",5258907202,592 Melrose Pass
846,tmoulsonnh,Tawsha,Moulson,tmoulsonnh@behance.net,bU8@(``Tk,2627148566,591 Monterey Plaza
847,llegonidecni,Lincoln,Legonidec,llegonidecni@webs.com,"wC4?6.""k&r",6345218148,34687 Gerald Place
848,ntwentymannj,Nichole,Twentyman,ntwentymannj@tamu.edu,tL9$kRubY,1179428447,35400 Superior Park
849,rlerouxnk,Rhody,Leroux,rlerouxnk@admin.ch,nU9`P.z+yRQZb/m,5032081091,26 Westerfield Court
850,edreghornnl,Elka,Dreghorn,edreghornnl@hostgator.com,iB8#W!8VAjl&\},4275037215,2191 Florence Park
851,scowlamnm,Siouxie,Cowlam,scowlamnm@mozilla.com,"fO8\83+V,'8>Ls",3915177928,94579 Lindbergh Pass
852,pspeednn,Perl,Speed,pspeednn@nsw.gov.au,uG2=PTS2}u{4,5612244270,31812 Dottie Way
853,bskerrettno,Borden,Skerrett,bskerrettno@java.com,rI5{3W$WuuXE,4637034858,2 Oriole Street
854,vpittwoodnp,Vania,Pittwood,vpittwoodnp@adobe.com,qR1.}@d}~2J,5151423081,66 Fair Oaks Place
855,nevemynq,Nariko,Evemy,nevemynq@friendfeed.com,sO2~tb@FaY1~3s{G,8463792270,512 Dakota Hill
856,jgrelkanr,Joell,Grelka,jgrelkanr@imdb.com,"wO2""3JkoRLb>",7299427608,24302 Dexter Parkway
857,doffellns,Dom,Offell,doffellns@bizjournals.com,aZ2=MJW7B9,4897171607,41268 Redwing Junction
858,prettient,Peyter,Rettie,prettient@ebay.com,"iJ9""<""8sTzhc|M",3337812715,46552 Bultman Drive
859,sronaldnu,Stormi,Ronald,sronaldnu@slate.com,pZ2~=w1w\.\|,4501399071,4 Oxford Center
860,mreynishnv,Morgen,Reynish,mreynishnv@thetimes.co.uk,mB7{liMdz,6833358574,23233 Jenifer Circle
861,tfrenschnw,Thaddeus,Frensch,tfrenschnw@ucsd.edu,fF2!K.eI>/B5=%,7629192197,61377 Summit Alley
862,hmacgillicuddynx,Hans,MacGillicuddy,hmacgillicuddynx@xrea.com,aV2%x\EciyB,6975520624,2771 Loftsgordon Way
863,ejeramny,Erminie,Jeram,ejeramny@usda.gov,tM9$?`kGNTDr/|*%,2424657214,58532 Thompson Plaza
864,jrillattnz,Jillana,Rillatt,jrillattnz@posterous.com,yS0$w6{b58Fhht,6981647427,8168 Bayside Lane
865,chustero0,Carlota,Huster,chustero0@arizona.edu,hP2}<I2FKw?,5429396171,940 Kingsford Drive
866,eholberryo1,Eugen,Holberry,eholberryo1@nytimes.com,yE0@vv4bZ!,4017489549,56 Barby Junction
867,hmingameo2,Hetty,Mingame,hmingameo2@blogspot.com,jF1$l}Dga*YUqyG,1243661541,90149 Esker Hill
868,tgrettono3,Tessy,Gretton,tgrettono3@lulu.com,aV9<Vt`x)Vp,5105564681,0066 Melrose Terrace
869,jstoneo4,Jannelle,Stone,jstoneo4@adobe.com,yI5``N}JVeXE94`,6558082423,8 Bunting Point
870,buccelio5,Billy,Ucceli,buccelio5@amazon.de,kK5!GTygM/M,6021997370,1 Lakewood Drive
871,gbrowseo6,Georgeanne,Browse,gbrowseo6@cmu.edu,"fZ0\,7#""pL",3576622793,2869 Longview Road
872,kellito7,Katerine,Ellit,kellito7@sciencedaily.com,vB0@f%ZTc_g,4044978464,510 Marquette Park
873,kbromehedo8,Kayley,Bromehed,kbromehedo8@dedecms.com,oM3.iR`$I}j6oe*,7621169659,44 Sunfield Alley
874,cschwartzo9,Cara,Schwartz,cschwartzo9@ed.gov,lV4?qzv#`zq1y,6592767165,2 Killdeer Drive
875,mleathamoa,Max,Leatham,mleathamoa@ustream.tv,qI3>bc>!Py=icB@,1816506077,06979 Texas Junction
876,ffarhertyob,Francine,Farherty,ffarhertyob@springer.com,uR6~O4~uW.,4179824313,88 Pennsylvania Plaza
877,rarndtsenoc,Roda,Arndtsen,rarndtsenoc@redcross.org,cF4\Y_fZHMe,2896542991,3235 Cambridge Court
878,raselod,Robena,Asel,raselod@ifeng.com,hW8\V&AYH}YXzoF,2261755762,04480 Spaight Park
879,wciccooe,Winnifred,Cicco,wciccooe@github.com,"vQ2}wJjPmD_42sM""",9415094837,1 Norway Maple Road
880,skhotlerof,Shirlene,Khotler,skhotlerof@webeden.co.uk,oG0|JECnj@&Z=s#N,3994574257,411 New Castle Alley
881,cchattenog,Christy,Chatten,cchattenog@symantec.com,rB6+\K_Zz*mnVJ(6,4638778858,55 Michigan Alley
882,lizkovitzoh,Lisa,Izkovitz,lizkovitzoh@cornell.edu,"gQ4,e!goU/",1027993905,17493 Springs Avenue
883,karnetoi,Kinna,Arnet,karnetoi@nps.gov,uL5\Nh_*FAX,6925004024,594 6th Park
884,lemeroj,Laurie,Emer,lemeroj@earthlink.net,cB4>GW+~E9zHG,2451044980,96 Corry Lane
885,ccouttsok,Chrystal,Coutts,ccouttsok@opera.com,rQ7%cMd&w,3978510745,94 Towne Street
886,mtyeol,Melinde,Tye,mtyeol@who.int,wO5/YpdO,9977948420,3911 Oneill Crossing
887,dbranchflowerom,Dosi,Branchflower,dbranchflowerom@whitehouse.gov,iG4.0UP&o0/w!,7527927669,844 Maryland Plaza
888,equeyeiroon,Ethyl,Queyeiro,equeyeiroon@ocn.ne.jp,"bM4/lt8g)%""g)>",7208665191,02457 Crowley Place
889,cstanwayoo,Corney,Stanway,cstanwayoo@soundcloud.com,rJ2(L>~iD''v<,2373067278,98094 Canary Lane
890,garondelop,Grier,Arondel,garondelop@flavors.me,fM3'#.D~2&C,1304342398,57 Kensington Crossing
891,gwhitwoodoq,Gunter,Whitwood,gwhitwoodoq@opensource.org,mL6`iRW}j=,1828223842,79768 Jay Avenue
892,fhargrovesor,Florida,Hargroves,fhargrovesor@digg.com,gP9/(zX1,6994360451,01381 Dennis Trail
893,habbeos,Helyn,Abbe,habbeos@gmpg.org,wD5>wp@%JK,4367410314,5990 Messerschmidt Terrace
894,dkiosselot,Dorolisa,Kiossel,dkiosselot@answers.com,jP1\4+VOzv,1665094346,373 School Alley
895,lclausenou,Lorenza,Clausen,lclausenou@tmall.com,lJ9/~Qh(,7184408558,19714 Katie Center
896,lruggieroov,Leesa,Ruggiero,lruggieroov@unc.edu,"oY6<4),JdXC0",4352765856,67097 Coolidge Parkway
897,bplettow,Barn,Plett,bplettow@indiegogo.com,aK0~wxuD'l/Ex,7272711218,81 Brown Park
898,lbeekmannox,Lyn,Beekmann,lbeekmannox@cbslocal.com,"vU1>,2/V`.S1RLZ",5217637571,55 Prairieview Way
899,cswithenbyoy,Christophe,Swithenby,cswithenbyoy@vk.com,lB3@v>NVr+,7801697665,36452 Morningstar Hill
900,ilakeyoz,Ingar,Lakey,ilakeyoz@hugedomains.com,yD1=24r<KGo,4154866161,222 Red Cloud Court
901,mkarchowskip0,Maritsa,Karchowski,mkarchowskip0@imageshack.us,tC6|0QeA~@d1Q&Q,3546305179,592 Gina Circle
902,krzehorzp1,Kala,Rzehorz,krzehorzp1@oracle.com,jF7~3Y37W4<9{O,5083757737,0 Tomscot Way
903,jlambertzp2,Jessie,Lambertz,jlambertzp2@tamu.edu,"uM7?v,l)$",9929273229,5657 New Castle Trail
904,tbanesp3,Thomasine,Banes,tbanesp3@alexa.com,"fZ0""sx)<@8i(@Q6",7762416207,9 Buhler Junction
905,adoddridgep4,Antone,Doddridge,adoddridgep4@creativecommons.org,uS3#MiuI3,5119815034,527 Moulton Circle
906,meberstp5,Morie,Eberst,meberstp5@eepurl.com,xJ2!#Eznh,2285208925,8721 Arapahoe Alley
907,abendigp6,Allyn,Bendig,abendigp6@accuweather.com,rE2=F%R3BJ,6092414021,9 Monica Junction
908,tshephardp7,Tynan,Shephard,tshephardp7@dagondesign.com,"sY2,v2ZK)Xfz5",5591896304,84 Columbus Park
909,iguthersonp8,Irena,Gutherson,iguthersonp8@youtu.be,hM7_QV!1_,3117811281,621 Gulseth Junction
910,teytonp9,Teri,Eyton,teytonp9@digg.com,fW3~jOV3C,9586172602,33253 Butternut Avenue
911,amiddletonpa,Antonie,Middleton,amiddletonpa@howstuffworks.com,oI9/Yn6i5y),4701990339,7 Meadow Vale Drive
912,mfullunpb,Modesty,Fullun,mfullunpb@deliciousdays.com,tN3~./8W%)Y,7045093811,28194 Clyde Gallagher Court
913,mmcgrealpc,Marcello,McGreal,mmcgrealpc@who.int,mM6/WLhYYlt>0,3638439398,22 Charing Cross Plaza
914,rshiptonpd,Row,Shipton,rshiptonpd@seattletimes.com,qF6?bi`l,1014607736,72979 Rusk Crossing
915,fpietsmape,Fletcher,Pietsma,fpietsmape@github.io,"gE7,%""2Kp&$",4663896732,8558 Trailsway Way
916,bhullahpf,Barth,Hullah,bhullahpf@163.com,sO7)Kbev~LAPn,3136940953,5850 Oak Valley Street
917,tjordonpg,Traver,Jordon,tjordonpg@topsy.com,zM3&PfZy?x(T,7154360799,869 North Drive
918,tfoordph,Trudi,Foord,tfoordph@shareasale.com,"tY6'D&kNO8\ZL""D",6069979269,9298 7th Parkway
919,jwinnypi,Justinian,Winny,jwinnypi@stanford.edu,bI6+RDe)jDF,4868324740,4877 Harbort Plaza
920,dparysownapj,Darlene,Parysowna,dparysownapj@themeforest.net,qA7{rEpHYUs,1064671963,53 Hoepker Point
921,kheinsiuspk,Karrah,Heinsius,kheinsiuspk@alexa.com,gM3)KPRBzGrU=x<I,3451478010,5565 Hudson Crossing
922,nmiebespl,Nat,Miebes,nmiebespl@shop-pro.jp,"jO0>>""""#?",9769190549,1 Norway Maple Terrace
923,bwhitehornepm,Brody,Whitehorne,bwhitehornepm@skype.com,tM3{~y6tn>\,4309877953,236 Colorado Street
924,mludewigpn,Mame,Ludewig,mludewigpn@joomla.org,wG3_EkP&0H>dZ5,9209679155,6343 Katie Pass
925,hvangopo,Hildegarde,Vango,hvangopo@columbia.edu,mG1*dZ*6HqZ9z,6745573969,01831 Rutledge Parkway
926,adanserpp,Arman,Danser,adanserpp@studiopress.com,sI5.jNlG2TXO`,7232420640,01 Daystar Trail
927,clocarnopq,Cherlyn,Locarno,clocarnopq@yahoo.co.jp,eM0~d3).J,6053321652,57983 Northridge Avenue
928,askeletonpr,Adriane,Skeleton,askeletonpr@mysql.com,eI7)hK/i,1292268407,5282 Union Avenue
929,tdurantps,Truda,Durant,tdurantps@4shared.com,fK2.K{7YS$xNOr`,5008309927,06 Mandrake Court
930,abertolaccinipt,Archambault,Bertolaccini,abertolaccinipt@economist.com,iR1+U7F&,9956135115,1809 Darwin Junction
931,spesslerpu,Sigismund,Pessler,spesslerpu@icq.com,dB4~iP_!PRA,4436801893,3511 Esch Trail
932,sgaffonpv,Scarlett,Gaffon,sgaffonpv@sun.com,aY3?}RrrEE5w_Hj,7857477154,21 Leroy Terrace
933,kbortolazzipw,Kali,Bortolazzi,kbortolazzipw@360.cn,jY4{UBfdZoF$|ZU,6658673162,7793 Duke Circle
934,ebormanpx,Ericha,Borman,ebormanpx@51.la,hR3>HqTIgV\l`=uu,6702734061,196 Hanover Hill
935,rwoolmorepy,Roddie,Woolmore,rwoolmorepy@abc.net.au,mI5|w7JX!Y{Y,9657432322,048 Homewood Road
936,llambellpz,Lenard,Lambell,llambellpz@nasa.gov,gV4%666SOtw`8UF,9614835855,40910 Trailsway Point
937,sconboyq0,Sabrina,Conboy,sconboyq0@eventbrite.com,zA2}NJ(j2>+>wwf,8099874993,2744 Kensington Center
938,acandieq1,Allison,Candie,acandieq1@cbslocal.com,oE7>2)p_M}Yz,3152614741,96146 Arrowood Drive
939,ukainq2,Ulric,Kain,ukainq2@qq.com,fR0=As>b|+l,9397724173,9996 Carey Way
940,rmuldowneyq3,Rodge,Muldowney,rmuldowneyq3@latimes.com,"yD6#|_B""9p0/""",2488650590,8040 Fisk Drive
941,crissenq4,Carlee,Rissen,crissenq4@usgs.gov,uK7)r~xleX%Qbsd},5842021906,14371 Lakewood Gardens Alley
942,oduberryq5,Oby,Duberry,oduberryq5@woothemes.com,cF5<dg?)}tX,2547140564,508 Mosinee Drive
943,phulettq6,Pat,Hulett,phulettq6@ning.com,"jK5.gdWqWGE$U""Is",4384351499,59705 Atwood Crossing
944,ehradskyq7,Em,Hradsky,ehradskyq7@nba.com,"kK4,?I7,G3{!5I",2226962605,1387 Burning Wood Street
945,dkorbaq8,Deb,Korba,dkorbaq8@hp.com,sP4'0X#EAG@)V8XZ,8471458132,67 Miller Road
946,bmaughanq9,Bernete,Maughan,bmaughanq9@geocities.com,xD4/GBvhG6|,3751246029,4 Dryden Center
947,afleethamqa,Abby,Fleetham,afleethamqa@google.co.uk,sT4_>w0`hU,8313556545,12 Mcbride Hill
948,rdashkovqb,Robinette,Dashkov,rdashkovqb@forbes.com,iD6+pBrQRs/ra,1346995130,10822 Fairview Junction
949,pdayeqc,Panchito,Daye,pdayeqc@dmoz.org,bV8+xS~K(IY,5295364882,7 Sutherland Terrace
950,lpyneqd,Lorna,Pyne,lpyneqd@devhub.com,uO4%o%67(,7545066861,3887 Sachtjen Plaza
951,bchallensqe,Bil,Challens,bchallensqe@shutterfly.com,"mR9@WX""~6P7Oq6*/",7787337394,10967 Eastwood Drive
952,ncamockqf,Nanine,Camock,ncamockqf@phoca.cz,kU2(1aTx{_Kg,3726213171,58298 Harbort Avenue
953,nmccombeqg,Nicki,McCombe,nmccombeqg@dropbox.com,vN1*d4#d%,2636544144,22141 Kedzie Crossing
954,bmcnairqh,Bari,McNair,bmcnairqh@slashdot.org,hN4/xd`4p$\,6505371400,377 Moulton Park
955,efurseqi,Edik,Furse,efurseqi@constantcontact.com,nD0&P1|<\C1&yj0<,2699811084,47641 Continental Alley
956,rvergineqj,Roderich,Vergine,rvergineqj@cafepress.com,yA7$wXBylnpr>,1234929477,56 Mendota Hill
957,sstotqk,Sibby,Stot,sstotqk@yellowpages.com,hV7<EF)',9271913602,265 Sycamore Point
958,phabbesql,Pam,Habbes,phabbesql@squarespace.com,"tP1)t,>(K&P",3551234144,0 Fuller Court
959,foxleyqm,Fabian,Oxley,foxleyqm@buzzfeed.com,uK2'Ws1DfX.n,6349392269,786 Vahlen Terrace
960,bbrickettqn,Barron,Brickett,bbrickettqn@reuters.com,"jU6_9iZr,F",7265656252,5754 Mayfield Center
961,pchattersqo,Pru,Chatters,pchattersqo@people.com.cn,jX8&(IN5mu,1052186285,81 Towne Park
962,sbeaufoyqp,Stephenie,Beaufoy,sbeaufoyqp@xing.com,pK7)5W<o,4779879886,54 Lotheville Lane
963,maltonqq,Matelda,Alton,maltonqq@nps.gov,xB0$MIb5a,8515026884,373 Waywood Parkway
964,lipgraveqr,Linn,Ipgrave,lipgraveqr@nba.com,"mL4#8W""z~v}@""OQ",1043595812,00360 La Follette Road
965,dbemwellqs,Dyanne,Bemwell,dbemwellqs@discuz.net,"xH4#\Z<IGCLA,4i,",9033736900,777 Sommers Terrace
966,mglavinqt,Mahmud,Glavin,mglavinqt@newsvine.com,"gV4/I\1?""{zs",6522253920,5755 Sutherland Lane
967,tfateleyqu,Timmy,Fateley,tfateleyqu@bbb.org,cT0'#y2vsK,4992390164,76 Stephen Circle
968,shastelowqv,Sheffie,Hastelow,shastelowqv@nydailynews.com,"uV2{hC`""d@Q%l",2993106672,76385 Veith Street
969,hodonovanqw,Harwell,O'Donovan,hodonovanqw@ebay.co.uk,wY9|@jy>*#_9F,1206937523,12 Erie Crossing
970,areedayqx,Armin,Reeday,areedayqx@un.org,"sP1,FnfNk%VIav.p",7172157563,573 Old Shore Street
971,sricardinqy,Sanders,Ricardin,sricardinqy@mashable.com,rN8'#AR29'E5,1428935085,7 Hauk Place
972,mmckinlessqz,Missy,McKinless,mmckinlessqz@privacy.gov.au,pR5~#D9#eh'#2en,7087614959,45313 Sommers Place
973,tmableyr0,Tatum,Mabley,tmableyr0@cbslocal.com,wI6#\xOQ%!,9649621915,2 Milwaukee Court
974,einkpenr1,Evelyn,Inkpen,einkpenr1@archive.org,aU0@ZodydaF.H@?,6444269091,0284 Melrose Trail
975,tbezantsr2,Tammie,Bezants,tbezantsr2@dailymotion.com,gL1%6fF@MU_lV,9681367603,8 Montana Junction
976,nkollatschr3,Nelie,Kollatsch,nkollatschr3@mapy.cz,"gP7,JaFr6tKbuY",2539067585,3 Ruskin Junction
977,lgraysonr4,Lyndy,Grayson,lgraysonr4@slashdot.org,tX4$ppAHN~K,9935815044,78168 Sachs Place
978,plambertsonr5,Percy,Lambertson,plambertsonr5@cocolog-nifty.com,"uG6_y8n,.M",5237507746,2 Quincy Plaza
979,acotthamr6,Antoine,Cottham,acotthamr6@wordpress.com,yM3#|rsPj,1904541862,95680 Summer Ridge Lane
980,afarguharr7,Audry,Farguhar,afarguharr7@miitbeian.gov.cn,vU2_7r0v+,3207130645,13139 Judy Junction
981,rforrir8,Rebecca,Forri,rforrir8@springer.com,"wX5~>j53A>u""_!$",2051254394,16 8th Parkway
982,rgoulbournr9,Roxy,Goulbourn,rgoulbournr9@google.de,uO5<VPaUb6AwH,6208914171,317 Boyd Avenue
983,mmullardra,Merilyn,Mullard,mmullardra@friendfeed.com,wB0#sL$P5KvhEM,6751728619,63208 Village Green Trail
984,dmayorb,Debor,Mayo,dmayorb@accuweather.com,dX8#W1$G&pO~,5858673306,75660 Annamark Alley
985,fnoorerc,Farleigh,Noore,fnoorerc@e-recht24.de,yX5'ZyR6,8101670075,6 Rusk Circle
986,avaladezrd,Aimil,Valadez,avaladezrd@istockphoto.com,"kY5~QT?MK|,$O",1986821052,651 Graedel Trail
987,acowperre,Austin,Cowper,acowperre@kickstarter.com,"hN5~|w$Mz""",1577175448,7 Bellgrove Trail
988,cloheringrf,Cyrille,Lohering,cloheringrf@arstechnica.com,"oP8,09vBCY!h_3",1133884342,58018 Kinsman Court
989,mcollinsonrg,Mario,Collinson,mcollinsonrg@vinaora.com,jH3{h6fQ,4551155655,433 Farragut Avenue
990,fsephtonrh,Fleming,Sephton,fsephtonrh@wikipedia.org,yS9!\nMXLcna?7>j,6935021320,38 Stang Road
991,dvanderweedenburgri,Ddene,Van Der Weedenburg,dvanderweedenburgri@arizona.edu,aH0%/~N1z,6701312713,157 Quincy Street
992,wduinkerkrj,Winthrop,Duinkerk,wduinkerkrj@exblog.jp,fN5*PE4YH!.@jdj>,3565602092,65 Carberry Hill
993,nbrownerk,Norine,Browne,nbrownerk@soup.io,hJ0*bd)By0V.,8377916596,71757 Dennis Junction
994,mprendergastrl,Mirabelle,Prendergast,mprendergastrl@cdbaby.com,"hK5(R#v'h=Y""KRC",9995233125,8 Sullivan Lane
995,mlookerrm,Meyer,Looker,mlookerrm@is.gd,lD8'Ep&\L\#*N2,1018270732,79028 Melvin Court
996,nbaffordrn,Nadeen,Bafford,nbaffordrn@altervista.org,"mQ9`|,Pk9,",8498604113,09 Vahlen Drive
997,cheathwoodro,Consuela,Heathwood,cheathwoodro@adobe.com,jB3%61FevaOw_*t,4489917255,65 Hintze Way
998,bromainerp,Barbra,Romaine,bromainerp@comsenz.com,"aL3_(eO<_//c""9}J",7804007502,34 Shelley Park
999,sfitzalanrq,Sheela,FitzAlan,sfitzalanrq@mayoclinic.com,hI2=X/9<s>JC,8961096097,9 Myrtle Circle
1000,bdightonrr,Benita,Dighton,bdightonrr@nasa.gov,"zS6$=mF""X>R=8((",3859778560,479 Tennyson Junction
