id,first_name,last_name,email,password,phone_num,address
0,Nguyen,Huy,huy123@gmail.com,123456789,0123456789, 10 TamTrinh
1,Perkin,Garrod,pgarrod0@baidu.com,"cM9""&m3)r.{fxL@",6927333656,9 Spaight Street
2,Ruthann,Chatband,rchatband1@mail.ru,"jG5""0%cvd2GcQM",8746640043,9 Manufacturers Alley
3,Royce,Bullman,rbullman2@histats.com,lF8}AQ+mP,1474666067,14 Veith Parkway
4,Felipe,Humphery,fhumphery3@psu.edu,"bJ8$7Us""'X<PFiDO",3452719325,91 Loftsgordon Terrace
5,Eb,Knipe,eknipe4@walmart.com,yN6)qZ?d,5432100423,331 Arkansas Court
6,Alfie,Higford,ahigford5@soup.io,"kV9'2nZX,pO7",2776326903,91624 Caliangt Alley
7,Meredith,Behrend,mbehrend6@cdc.gov,qY8#yEar3,8781585899,03 Warner Place
8,Brod,Grills,bgrills7@goodreads.com,cL1%'V(1prr,1344105676,3 Messerschmidt Road
9,Elenore,Brunnen,ebrunnen8@archive.org,xK4&Iuv.)9~UME,4321328525,54155 Orin Place
10,Rici,Chyuerton,rchyuerton9@csmonitor.com,xR3\pQ<*xqW=0F*S,1704096188,9 Merry Hill
11,Michaela,Bridgwater,mbridgwatera@mozilla.com,"gT4,#LiDd|w_J}",4931066976,32206 Dennis Trail
12,Rosmunda,Huntar,rhuntarb@yahoo.com,bL6{_ZF/Xi>$M&>,1655104478,038 Hayes Plaza
13,Karlie,Santorini,ksantorinic@wikispaces.com,hT9%KdmVk<,6865085822,22475 Village Green Street
14,Marketa,Peacop,mpeacopd@npr.org,mT6~NtD<,8122732537,35 Packers Street
15,Seamus,Grasha,sgrashae@histats.com,qF9%0A'lk3za20,9932572911,9 David Place
16,Nickola,Soppeth,nsoppethf@hubpages.com,nE9~Yetorx/?,2993412602,4499 Lyons Plaza
17,Fiorenze,Thornally,fthornallyg@cbc.ca,rA4@p/cz|k?2/Hg,5507182933,2 Lighthouse Bay Alley
18,Kissee,Humbert,khumberth@deviantart.com,"mA4*v""yUWXg?",8343320221,07351 Butternut Alley
19,Allyn,Lawrenson,alawrensoni@surveymonkey.com,xX3\g?Cofh,9742731040,4535 Bunker Hill Way
20,Fitzgerald,Soloway,fsolowayj@cmu.edu,uT1!P/@9,7959484423,3115 Maryland Point
21,Jania,Phizackarley,jphizackarleyk@ameblo.jp,iI8|X3Cv9bS),8873921409,65634 Dorton Road
22,Edin,Ranson,eransonl@google.de,fT0&@mYO,3321245713,2990 Bunting Circle
23,Karlee,Bedbury,kbedburym@com.com,"sB9!(+{KPR""1",1869834471,7 Blue Bill Park Place
24,Osbourne,Baggarley,obaggarleyn@fema.gov,nQ6<Jbs79,4387252497,430 Meadow Ridge Plaza
25,Say,Gurdon,sgurdono@cdc.gov,"tK2!nL""%E0",7749044128,6849 Dovetail Street
26,Hamnet,Oddboy,hoddboyp@tuttocitta.it,oU5|ukf{>q}+MKh=,3197989282,7 Lawn Way
27,Earlie,Brien,ebrienq@hc360.com,tH3'BYe}<Zz7j!XW,1156993703,541 Village Green Park
28,Florenza,Cantillion,fcantillionr@adobe.com,sB4|6>57c6,9874627017,5 Green Ridge Place
29,Lainey,Radbourne,lradbournes@miitbeian.gov.cn,uV9~72C5ZT,4813544191,575 Green Ridge Park
30,Odie,Benwell,obenwellt@omniture.com,dG7#gr|JaBGnApz0,4583330680,9022 Jenna Hill
31,Cindee,Kemish,ckemishu@cbc.ca,oH2$ZGoD~}Y_d,7727971134,61 Warbler Terrace
32,Phaedra,Reichelt,preicheltv@free.fr,rP7)kr!W&II)WLW|,9613685895,5081 Dapin Way
33,Martina,Ellerker,mellerkerw@xing.com,"rR6{tKPa5U$>""",5414265784,771 Maple Wood Street
34,Magda,Delacoste,mdelacostex@elpais.com,jR0}jbW2/f~,4614327039,510 Nova Pass
35,Roxanne,Rosini,rrosiniy@technorati.com,fY3~mm*0_?4qnK,3208159523,8 Carberry Park
36,Leyla,Meron,lmeronz@samsung.com,"kG3\""6j,uTjg>",1407379093,95741 Stone Corner Plaza
37,Catha,Gildersleaves,cgildersleaves10@harvard.edu,"nU2@PE0@QlXQ"".2",4704401388,7 Granby Drive
38,Shawn,Ancketill,sancketill11@plala.or.jp,"nW1,SVBO`.",3867759880,53 Schlimgen Avenue
39,Cesya,Rawlin,crawlin12@discovery.com,"iU1`UZYjvJU""CFr\",2653596302,7 Independence Place
40,Nate,Dybell,ndybell13@howstuffworks.com,bM7~KqdRdbNdXd4=,6671847044,88727 Sachtjen Park
41,Angelica,Bartolomivis,abartolomivis14@xinhuanet.com,sK7{J*&`J,8089830234,369 Forster Crossing
42,Solomon,Clyant,sclyant15@opensource.org,"uD0_C(A6(ZbFU""o~",6614317810,93301 Almo Street
43,Ker,D'Antoni,kdantoni16@soup.io,hZ4{g!`hI_>/,2877609099,8674 La Follette Trail
44,Keri,Wigg,kwigg17@amazon.com,"mA1$qmUDsu""j",8582233517,3 Red Cloud Pass
45,Theodor,Edsell,tedsell18@icq.com,iY6`K(G_'P/Xk3oA,2611588534,549 Hanson Drive
46,Portia,Goldsby,pgoldsby19@mapquest.com,"fJ8%WX""m04H",9176353761,9074 Burrows Point
47,Arleyne,Fice,afice1a@qq.com,nJ3*'hrxo,5846498697,4 Ridgeview Park
48,Kata,Phateplace,kphateplace1b@e-recht24.de,mX1.|mBB,8384994362,7627 Monument Alley
49,Johnathan,Tournie,jtournie1c@tinyurl.com,hZ1#'}MN,3141248293,92 Goodland Trail
50,Dur,Jorissen,djorissen1d@sbwire.com,"iU2(m=""i/<!",7389648059,4368 Elmside Circle
51,Vita,Beadon,vbeadon1e@google.es,"sH4,NKi\4v",6249997733,7519 Morning Crossing
52,Liliane,Peaker,lpeaker1f@ebay.co.uk,yN3=R.K}O.uM%d+,7363295436,406 Southridge Way
53,Betteann,Worsall,bworsall1g@tmall.com,pG4<cNnJ,9883556487,3 Birchwood Road
54,Hamish,Benoy,hbenoy1h@washington.edu,nR8/fhBUxo0,6527589996,4 Columbus Terrace
55,Fredra,Weddeburn - Scrimgeour,fweddeburnscrimgeour1i@smugmug.com,"yG3!YA""3Q*0mF",2699655120,22 Washington Center
56,Dunc,Ginglell,dginglell1j@feedburner.com,jA1(@z=32`,6525071503,08037 Northridge Center
57,Tadeo,Bohin,tbohin1k@ucsd.edu,vA6='P=2?B,3261441702,78 Superior Plaza
58,Emalee,Gudger,egudger1l@ebay.com,"hV8#O?,`MZrF",3254745222,320 Del Sol Terrace
59,Cthrine,Caswill,ccaswill1m@taobao.com,mU4_(tC!,5061203110,3 Moulton Crossing
60,Mal,Faich,mfaich1n@free.fr,gJ0#ej9qn)j,7098902119,4382 Westend Street
61,Cthrine,Lornsen,clornsen1o@people.com.cn,lR6._+G.u,5859971707,81878 Longview Center
62,Lanny,Maiden,lmaiden1p@rediff.com,"nX3/,L(?@fI",9141653998,6 Longview Pass
63,Amii,Umney,aumney1q@oaic.gov.au,tY6{3l'wf2j,2306259980,4493 Roxbury Circle
64,Abe,Radage,aradage1r@oakley.com,hC4(KkJK({<q,3464527260,49950 Bunting Alley
65,Chris,Leebetter,cleebetter1s@cdc.gov,pX9)4U8&e@Zc,8595613264,77862 Del Sol Park
66,Cristal,Lamartine,clamartine1t@mediafire.com,aI6$q_$Ptdh#%J/,8685178598,4 Superior Plaza
67,Anya,Jeskins,ajeskins1u@livejournal.com,"mU4<.Blh""{2@O",7424387359,32248 Kings Terrace
68,Suzanna,Ganter,sganter1v@discovery.com,tP8=6p_EfGhs1>,2025961924,0 Packers Court
69,Abby,Dani,adani1w@yale.edu,hA3(yw9#8dkm&v3,4518687744,37604 Petterle Crossing
70,Billy,Branford,bbranford1x@microsoft.com,tJ5$Q\c(a?IR,8113274041,64 Schmedeman Park
71,Ede,Shirt,eshirt1y@squidoo.com,xE2?f}1!2Ab82T!u,9414896586,98016 Manley Avenue
72,Eleanore,Crabb,ecrabb1z@reference.com,wQ9)lVaFNm.,6578064783,0429 Main Avenue
73,Fleurette,Topham,ftopham20@naver.com,"cR2+j=D|p9Dw""s",3458228141,79849 Kenwood Junction
74,Maia,Fereday,mfereday21@google.ru,iI4#V}AE|,5963699968,3382 Green Ridge Pass
75,Amelita,Ricold,aricold22@sbwire.com,lV3*wei7ZmQVDzcq,5222277042,47649 High Crossing Junction
76,Ruthy,Lanfranchi,rlanfranchi23@statcounter.com,nQ1`b'Jj,3966946263,072 Lillian Parkway
77,Ally,Kerley,akerley24@wufoo.com,uT4.72K'=1%+8,1298752994,90376 Lakewood Gardens Lane
78,Caitrin,Beacom,cbeacom25@fotki.com,gE9%ld02?{Xd`>,1275862994,34 Vidon Circle
79,Wilone,Wren,wwren26@mozilla.org,uT6*#O86C,3971082643,2 Bayside Junction
80,Finn,Klausen,fklausen27@de.vu,eW8%UyrO`,6351806333,22285 Corscot Pass
81,Gussie,Poe,gpoe28@biblegateway.com,rX0!Ld@p,7243532219,76 Mosinee Point
82,Gordan,Stanbro,gstanbro29@omniture.com,gC1$T&v$BGWw=Q({,5019950344,238 Golden Leaf Avenue
83,Josephina,Jilkes,jjilkes2a@earthlink.net,nM5!$J\bJ*,3024387034,6668 Knutson Pass
84,Kipper,Haggar,khaggar2b@cargocollective.com,"bF8""K%g8K`SAN144",7818504881,1 Claremont Center
85,Hastings,Dohms,hdohms2c@mayoclinic.com,tW2(n}#y_FYY,7747810886,3 Sullivan Parkway
86,Clemens,Kitchenman,ckitchenman2d@google.co.jp,aX2@u{A~=JixG0q,8712468112,3 Oxford Crossing
87,Charil,Phoenix,cphoenix2e@issuu.com,kU7#NMmKs'cHjv3},2043463130,20 Ohio Parkway
88,Tonie,Turner,tturner2f@fotki.com,xO0=MvE$`b.#{,1402897713,2312 Oxford Avenue
89,Misty,Gethyn,mgethyn2g@ezinearticles.com,tR7=%*vEd,6138241717,66 Spohn Junction
90,Frederica,Callington,fcallington2h@godaddy.com,gG0!Qkr}V.S>kK,3157605782,4 Northport Drive
91,Tybalt,Marushak,tmarushak2i@fc2.com,uF2{$}E',6136928831,7 Debra Circle
92,Erminie,Bowld,ebowld2j@purevolume.com,mZ9@f7NOu5,3464250772,574 Petterle Place
93,Uriah,Grammer,ugrammer2k@smh.com.au,iT7*Bv2d,5828119467,506 Weeping Birch Place
94,Felike,Atcherley,fatcherley2l@cocolog-nifty.com,kX8\6|g}(,8373421281,0 Bunker Hill Parkway
95,Trefor,Morrissey,tmorrissey2m@rambler.ru,zN9{_cmF6uw,2689975531,5996 Nevada Terrace
96,Collette,Harsum,charsum2n@flavors.me,"zR3\'CTOqY7CH,mV",7788257678,817 Ludington Way
97,Abbott,Valentino,avalentino2o@theatlantic.com,"fX7*}~pa*<""q",1584745650,2 Sloan Avenue
98,Kellyann,Addison,kaddison2p@webmd.com,"zO2#2~oav)m,N=",9555491288,301 Magdeline Crossing
99,Pat,Davall,pdavall2q@washington.edu,rR4+'AngCQ,5821304414,918 Annamark Lane
100,Guillema,Plummer,gplummer2r@geocities.jp,iE2?F>A3dL&V$N,5788974913,547 Moulton Lane
101,Phillie,Edinboro,pedinboro2s@netscape.com,fS8_vuFJRP$*D`,6389940323,24315 Hansons Point
102,Barclay,Low,blow2t@hibu.com,sH2)d2w0Pc2,9087555703,79517 Oxford Trail
103,Wolfie,D'Onisi,wdonisi2u@who.int,"jC8!+>=""vD",6042672712,2025 Anhalt Park
104,Tedra,Burnip,tburnip2v@wikispaces.com,lO8@jqhBFzln+gE,3005804657,5 Southridge Trail
105,Waldon,Suddards,wsuddards2w@a8.net,wI7!1o<Srn?.Ox4k,6252206705,120 Loomis Pass
106,Emilia,Niblett,eniblett2x@clickbank.net,iF6`CCKqJ0,8961135892,4 Ryan Court
107,Alyda,Pougher,apougher2y@jalbum.net,fX9#?7`\NPPYF,3326911851,64071 Dakota Place
108,Bran,Koba,bkoba2z@newsvine.com,dQ7$I@O!ki%<bR,9922688724,0759 Northwestern Drive
109,Jannelle,Whitwham,jwhitwham30@devhub.com,"bV3=i`z,FV{%P",7433135387,5473 Algoma Circle
110,Burnard,Filipputti,bfilipputti31@house.gov,mE3|@Oej._9(|'x,1067753457,243 Moose Pass
111,Jacqueline,Snelle,jsnelle32@nyu.edu,xT9>5}H~?lW@8T6,3858682642,75697 Algoma Park
112,Tracy,Cabrara,tcabrara33@godaddy.com,hT6'tt/V,2188387952,3505 Sunfield Trail
113,Arnold,Dell Casa,adellcasa34@marriott.com,gX7_2p&/@uRea,2954007734,0869 Paget Point
114,Elyssa,Crasford,ecrasford35@creativecommons.org,aZ8<Kf@bT4GP>,3748779868,15 Rowland Trail
115,Odie,Latta,olatta36@google.pl,uR1*#%i|E**D,3899283637,11250 Crownhardt Road
116,Chrystel,Sisey,csisey37@about.com,"lX9$""/*Xc4D\n",7129086220,563 Hallows Way
117,Stacey,Sendley,ssendley38@meetup.com,"aE9%"">Y4",6959570195,76624 Artisan Lane
118,Myrna,Kempe,mkempe39@geocities.com,"zV5""lYH\G",7222901881,331 Eagle Crest Alley
119,Claudie,Bradnocke,cbradnocke3a@desdev.cn,nM6}FVam/wk'<3x,4574350584,0203 Oak Alley
120,Sheffy,Blonden,sblonden3b@fc2.com,sU8.V=YA',6794772422,4 Starling Point
121,Friedrich,Blakden,fblakden3c@youtu.be,jA5#18xpF,6248268263,58387 Holy Cross Junction
122,Min,Corran,mcorran3d@webs.com,"oV2(l%C#""{PRU6?>",7209909955,3 Rigney Trail
123,Claresta,Mahon,cmahon3e@simplemachines.org,aJ6`?%DOfyZxS,4689498347,0 Forster Plaza
124,Amble,Abadam,aabadam3f@google.com.hk,hX1*)H_?7,5169571217,0 Vernon Place
125,Rogerio,Guiducci,rguiducci3g@zimbio.com,hL4<$2DP(K,3341721457,62563 Basil Terrace
126,Erinna,Tichner,etichner3h@merriam-webster.com,gG7*CAPyJ'HHmD,5695473556,3 Sheridan Way
127,Lurline,Harnott,lharnott3i@printfriendly.com,iR2*@EBFi&I!~_Ka,3172226484,43 Carey Way
128,Concettina,Abells,cabells3j@chron.com,"mK1>,Hoj$Oe,nT2",4385751581,22 Sachs Junction
129,Rhett,Verchambre,rverchambre3k@dagondesign.com,aS5&7VD{dCCg0.6=,7607100103,1431 Crest Line Park
130,Stephine,Stuart,sstuart3l@ucoz.com,"xI9""&CJAjcf",8329910406,1 New Castle Point
131,Ennis,Cropper,ecropper3m@weibo.com,iL7'&U0|_7,9573094023,0 5th Parkway
132,Jenifer,Pickford,jpickford3n@github.com,"lD9`C}pfA#EYMx,",9572433981,8 Tony Road
133,Amabelle,Pashby,apashby3o@un.org,zE9'70uK|,5372952736,13983 Mcguire Park
134,Gardner,Read,gread3p@sina.com.cn,nZ1_#)NCY,4465254584,8668 Judy Crossing
135,Hedvig,Toomey,htoomey3q@topsy.com,cO5$%KW8m}{}A,2392336868,3838 Sycamore Place
136,Bathsheba,Absolom,babsolom3r@accuweather.com,fJ4'XP'9_)e$fH\|,6541080589,0163 Hudson Drive
137,Oralle,Ferens,oferens3s@cnet.com,rY1#WF+IIX,6985017053,0 Delaware Trail
138,Starlene,Bromidge,sbromidge3t@hatena.ne.jp,qJ2\HEF2WzMI7,3591532521,423 Waubesa Avenue
139,Peri,Jaze,pjaze3u@about.com,rV4~1X!hB/uh)k,2073465468,8 Sommers Pass
140,Dedra,Lamberton,dlamberton3v@irs.gov,pN2/4s~kpX\,8058092078,9419 Springview Junction
141,Gertrude,Balm,gbalm3w@gnu.org,qK6@{JGZuWe,1701712176,101 Dapin Junction
142,Gabriello,Sarney,gsarney3x@guardian.co.uk,tA8.Xjmu,1617612773,43 Darwin Trail
143,Corinne,Dundin,cdundin3y@biblegateway.com,qN3{RZx>suRP,3076051690,81 Pleasure Pass
144,Bibby,Scarsbrooke,bscarsbrooke3z@google.com.hk,tC2..SP{O,1481903129,5 Oak Lane
145,Lucie,Timmes,ltimmes40@auda.org.au,lF2/Ydbbv,9744719025,48 Randy Junction
146,Urban,Phillins,uphillins41@usa.gov,"hU1,566Vxr",9139922347,71 Melvin Hill
147,Elysha,Spires,espires42@google.pl,iJ0%Qulvn<xJ\,9687594126,138 Oak Valley Plaza
148,Ricky,Halegarth,rhalegarth43@themeforest.net,gI0(SNQ%37%E,3313891311,568 Carey Road
149,Eugene,Roddell,eroddell44@last.fm,rU2*bTGJFrl9+,9368894043,5390 Garrison Place
150,Alie,Conaghy,aconaghy45@smh.com.au,wA7=oV5LB5!1+fi,2311370984,73 Fair Oaks Hill
151,Tabitha,Jobb,tjobb46@indiatimes.com,rI6{#Zk7>T01vS+r,1115398534,7444 Dorton Plaza
152,Thedrick,Rands,trands47@devhub.com,"nU6,Fkhnh",2705058946,98 Lake View Alley
153,Aura,Deinert,adeinert48@eepurl.com,"cB1&H})F4""e",3613983154,8 Fieldstone Alley
154,Agna,Myles,amyles49@google.ru,xB0_44\!,5391068765,290 Pleasure Pass
155,Angel,Maffi,amaffi4a@uol.com.br,cU0!yWX0VuM5qZ$,8613137413,132 Kenwood Terrace
156,Tamarra,Admans,tadmans4b@51.la,jE0>/7sP,9816722286,6969 Scott Point
157,Savina,Cherrie,scherrie4c@tumblr.com,pH5>VtyTr,9656577897,98108 Waxwing Lane
158,Pat,Coysh,pcoysh4d@omniture.com,hF7<~xu9,6461575378,32936 Arapahoe Drive
159,Yorker,Vevers,yvevers4e@princeton.edu,nI6!=IP%Eiy,9018931546,07506 Clyde Gallagher Parkway
160,Thaine,McKinnon,tmckinnon4f@va.gov,nJ8.r`'k!Ro,5356772178,177 American Ash Lane
161,Donetta,Ebbers,debbers4g@wunderground.com,"rO6,o2u@n!",1384424876,7 Oxford Alley
162,Bud,Antonomolii,bantonomolii4h@ucoz.com,"lO4#@H7wl,cxdjS",4899753349,4 Mendota Alley
163,Ninetta,McKune,nmckune4i@blogtalkradio.com,aW7/?}yO(5<2,6482885246,00645 Morrow Point
164,Virge,Warboy,vwarboy4j@about.com,"fW0`El""!8f",1381261800,49983 Orin Way
165,Eward,Caplis,ecaplis4k@mayoclinic.com,"wZ7)!6HwZNmr""#q\",4229032677,78 Village Green Parkway
166,Fletcher,Dalgarnowch,fdalgarnowch4l@twitpic.com,uG1.JV`z))<zxaL?,1021067514,021 Londonderry Terrace
167,Jemimah,Kerbey,jkerbey4m@usda.gov,lK7$Au%u'z}6{KS,5736985576,98 Calypso Crossing
168,Jory,Bome,jbome4n@twitter.com,iU9/?hhh(N,5677642623,0959 Coleman Point
169,Melli,Penzer,mpenzer4o@bing.com,"bD3<',v2!pIRI",8398124451,48 Delaware Plaza
170,Noelle,McLaverty,nmclaverty4p@so-net.ne.jp,"sA8\Fk!j1k{v""/",4322335981,58 Debra Hill
171,Graig,Lemerle,glemerle4q@thetimes.co.uk,dL2#|9E31}JCq|Y%,2716001913,9 Mariners Cove Lane
172,Othella,Flatman,oflatman4r@chicagotribune.com,wO2)w1<XmY,6477645831,455 Blackbird Plaza
173,Mei,Foffano,mfoffano4s@360.cn,vH5'jW.gd,5944144248,13283 Susan Road
174,Sibbie,Campion,scampion4t@census.gov,uF6+I`rhBj$,8633494849,0315 Golden Leaf Pass
175,Saleem,Brotherhood,sbrotherhood4u@techcrunch.com,cK7!I(+kaQhxpzrG,8263050048,845 Muir Parkway
176,Lorianna,Battram,lbattram4v@bloglines.com,cY9$x#Um~eG,1014920964,2596 Continental Alley
177,Leona,Hantusch,lhantusch4w@techcrunch.com,bS8+vzID,4206640041,97256 Pleasure Parkway
178,Constance,Backs,cbacks4x@com.com,qT5.M!t%4,5628025556,90 Haas Center
179,Harwilll,Jenkins,hjenkins4y@yellowbook.com,cQ5!JS?ODf,8233406290,225 Chinook Alley
180,Bianka,Clethro,bclethro4z@ucoz.ru,"gQ4<{""G0t",2857319952,07 5th Street
181,Judah,Patemore,jpatemore50@addtoany.com,gJ8&cZYMhetpH.#%,4721590013,586 Evergreen Pass
182,Magdaia,Schroter,mschroter51@icq.com,cF0{W%I6F{RX`4,7015270731,23 Barnett Parkway
183,Brynne,Thebes,bthebes52@de.vu,"aM3,8w4?6KRk1X",3684108489,91536 Evergreen Road
184,Jerrilee,Lockier,jlockier53@xinhuanet.com,"mE2""{dzbdqV",5134286066,88 Blackbird Lane
185,Ryann,Cheevers,rcheevers54@clickbank.net,hV6'd$}4B@hj9Rj!,6615668956,9 Linden Pass
186,Rosene,Owens,rowens55@163.com,"zH4""TaP`|I",1504095748,585 Scoville Plaza
187,Brittani,Marxsen,bmarxsen56@meetup.com,kE1&mzZt@OJnmj@,5554171387,132 David Park
188,Astrix,Sedgwick,asedgwick57@desdev.cn,"gC6""){|(d",4964969915,031 Mockingbird Crossing
189,Stella,Ovenell,sovenell58@umn.edu,jZ6#DmI_p!d,4216629792,36 Farmco Junction
190,Walsh,Skaif,wskaif59@reverbnation.com,fC6\fh}#'?6&,9159927593,255 Portage Plaza
191,Rayna,Puffett,rpuffett5a@eepurl.com,nX8.)#>T0,2288842683,34 Hovde Parkway
192,Jimmy,Skelly,jskelly5b@mail.ru,dM0}4vq_M&,4519100495,2488 Ramsey Lane
193,Shaun,Rzehor,srzehor5c@google.de,kW7|1A!{Z,2115020376,52 Thompson Parkway
194,Shannan,Beels,sbeels5d@harvard.edu,kF9<Eo634s,8694066663,1279 Nova Junction
195,Maureene,McCathay,mmccathay5e@accuweather.com,aI1|I1xVdB!?Kl<,5885632047,4233 Algoma Park
196,Jemmy,Chifney,jchifney5f@sourceforge.net,"iJ2%""d\=@<C?+Y?",2118055118,82423 Tennyson Park
197,Rachael,Ind,rind5g@tinypic.com,oH0/e91@G,1691918376,6 Clemons Park
198,Harriette,Drayson,hdrayson5h@mlb.com,zU2_Lz/~Bi@NBX06,9508565837,98 Glacier Hill Trail
199,Eachelle,Jeakins,ejeakins5i@mtv.com,oZ0'`R/0?kYL@,4849047455,35776 Becker Lane
200,Crissy,Douris,cdouris5j@sakura.ne.jp,uM2#9zbCa6,7001727023,617 Farmco Court
201,Laurens,Brimmicombe,lbrimmicombe5k@gmpg.org,"lJ0""A+B{/9p_",6627441008,49107 Mosinee Avenue
202,Barbee,Jotcham,bjotcham5l@xrea.com,fA7|=#3Ckk6e,6325914596,0433 Kedzie Terrace
203,Shandeigh,Cockburn,scockburn5m@independent.co.uk,gY4\>tB1YfJCe,2118031392,0201 Rockefeller Street
204,Camala,O'Crigane,cocrigane5n@rediff.com,lE4~{GBG//s,6969084489,589 Schmedeman Road
205,Leicester,Widmoor,lwidmoor5o@zdnet.com,dS6#vu=_J,9359951405,0298 Fisk Drive
206,Estel,McGrann,emcgrann5p@furl.net,"eP3}Y""pud\",5297181370,1 Nancy Street
207,Guillema,Leeburne,gleeburne5q@amazon.de,bR9*13J{Rn2D,1284182252,0 Merry Hill
208,Judas,Flanaghan,jflanaghan5r@naver.com,"dC8""L1QND*!DJ",8872456996,8 Nancy Point
209,Brandi,Figiovanni,bfigiovanni5s@ucsd.edu,zL6.U|sI,1022612322,981 Welch Pass
210,Lurette,Mulqueen,lmulqueen5t@dell.com,cX0!Xs49KDb&P/TU,1411146582,9 Lakeland Place
211,Nicholle,Venard,nvenard5u@engadget.com,wE4=?LlzgO?{D\n,9404159756,5318 Northridge Crossing
212,Mace,Zavattiero,mzavattiero5v@xing.com,"oX1,5J)4",9886435145,83 Prairieview Parkway
213,Margery,Hairsine,mhairsine5w@hud.gov,xF6`iaG{?,3164670093,11 Troy Parkway
214,Levi,Coop,lcoop5x@vinaora.com,dX7=ZSNAOVBy/Y,9604099665,638 Graceland Avenue
215,Claudius,Dougher,cdougher5y@cloudflare.com,"xR5""KgmP",8309114630,637 North Circle
216,Brandon,Scanlon,bscanlon5z@barnesandnoble.com,gC2!AY\Pw\Y`,3703399737,3062 Tomscot Place
217,Eustace,Randalston,erandalston60@amazon.co.uk,eD9*Lan!au,1259227533,87984 Grover Avenue
218,Berni,Mullaney,bmullaney61@addtoany.com,tL3*7S#rn0}=`,7473434777,481 Eggendart Plaza
219,Tobias,Filipic,tfilipic62@psu.edu,gC7~eG=+,8427133924,32918 Erie Circle
220,Judy,Templman,jtemplman63@aol.com,"iJ1""BOxq,jr?r4#",5677312941,31376 Kim Pass
221,Cirillo,Dadge,cdadge64@yahoo.co.jp,xG2)<)oo=NMRd`/,5471507298,74 Westport Avenue
222,Pietra,Motion,pmotion65@paginegialle.it,qP0_D@W{)YK<ena,4074292713,7 Browning Drive
223,Tally,Baudry,tbaudry66@seattletimes.com,dB3|f7Qpyet,4013045697,903 Esker Road
224,Florenza,McArte,fmcarte67@booking.com,sN2$RvdG,9934720018,45325 Chive Crossing
225,Tymon,Camacho,tcamacho68@alexa.com,kR4?yO$iofw,8192089858,94 Garrison Crossing
226,Delbert,Trousdell,dtrousdell69@de.vu,"jD2_KyntaO%v5qZ""",4999399580,5 5th Terrace
227,Louisa,Petch,lpetch6a@nba.com,"rZ8|D3c.,_f",7125008651,279 Derek Court
228,Dorette,Nolot,dnolot6b@arstechnica.com,dZ7*h&Bv,4284947024,93 Hoffman Court
229,Kissee,Mollon,kmollon6c@dedecms.com,zC6`qie!n3Zy}af,4625676138,1276 Loftsgordon Road
230,Petronille,Willavoys,pwillavoys6d@1688.com,aO8+Ze*9xcTz!M>X,4551988612,9 Barnett Way
231,Viv,Hartrick,vhartrick6e@tamu.edu,"wC1""76%ETDvV",3312085073,58 American Road
232,Bentlee,Poller,bpoller6f@barnesandnoble.com,"pI4}b9eB"")|XN.",3799725524,47936 Namekagon Point
233,Kate,Othick,kothick6g@example.com,"iZ0>F1D+f&t|3""2",3844598916,51 Brentwood Way
234,Masha,Hartup,mhartup6h@amazonaws.com,"iX1(""}vLDJg""g=U`",3641885408,897 Caliangt Alley
235,Alicea,Cohan,acohan6i@mac.com,"tC6?,llAma",3133205374,60 Linden Center
236,Farrah,Jinks,fjinks6j@cornell.edu,"hN4'VJ}2m""b",7627140420,6522 Lindbergh Drive
237,Verena,Alton,valton6k@hibu.com,eH3(1aF/,6044172776,95339 Shopko Junction
238,Hamilton,Anfrey,hanfrey6l@sciencedaily.com,vW6!./PsjG2pl2B!,9313266108,2 Tomscot Drive
239,Vinnie,Kohring,vkohring6m@1688.com,xC8/!#C7}3=IMn,2869939158,716 Twin Pines Parkway
240,Patrice,Degan,pdegan6n@flavors.me,"wJ1,(2R)",1224612037,7074 Tomscot Place
241,Max,Bracey,mbracey6o@cloudflare.com,"iC4!W3,s1Bi",7787935840,323 5th Place
242,Lily,Wilhelmy,lwilhelmy6p@unblog.fr,"zG4/d>xrevYCe""",4814538963,6699 Arapahoe Terrace
243,Adi,Habershon,ahabershon6q@tiny.cc,jN4_1)!`Z,3867620622,75752 Karstens Lane
244,Wendell,Gian,wgian6r@google.co.jp,"uY0(Fvmzr("")aoB7",7099907007,2 Commercial Trail
245,Guinevere,McCullouch,gmccullouch6s@cloudflare.com,uK7\UV#7uv,7911769317,78364 Scoville Place
246,Niki,Lally,nlally6t@jigsy.com,aN1+t*Sr)g2eO,9861628257,3 Lerdahl Terrace
247,Modestia,Reisenstein,mreisenstein6u@eventbrite.com,bD8\zajnn5M0{,6534180333,8 Hintze Terrace
248,Robbie,Upfold,rupfold6v@constantcontact.com,fC3!G*n=,4757086994,103 Anthes Place
249,Opalina,Perel,operel6w@patch.com,vX9+`3k*<,9207288850,46162 Anzinger Alley
250,Maribeth,Tzuker,mtzuker6x@wsj.com,oM9&HU`X!bpE#Ae,7416042233,923 Hollow Ridge Crossing
251,Simonette,Sharpous,ssharpous6y@163.com,pY0#<**QF8,8963113466,7 Dovetail Court
252,Artur,MacGibbon,amacgibbon6z@fda.gov,"bJ7?8GB<,)`x5Mk",8223505720,56 Dwight Trail
253,Berton,Buzin,bbuzin70@state.gov,yC5>>F5?6bb,6314290358,167 Dryden Trail
254,Leland,Otter,lotter71@google.com.br,xA7}_8lCY1,4468033888,4 Spaight Avenue
255,Nathalie,Esp,nesp72@java.com,"zK5""BQqC@uq0",7793961468,07 Chive Crossing
256,Oneida,Baitey,obaitey73@1und1.de,zY9*U0k09i,3957914419,9 Rieder Way
257,Charlotte,Loyley,cloyley74@miitbeian.gov.cn,pN9/~HK7Uk4C/eC,5884861876,68113 Daystar Junction
258,Ulick,Bompass,ubompass75@hugedomains.com,mJ7(_$Bj'#Q7T,7719413752,5 Comanche Lane
259,Dulsea,Camplejohn,dcamplejohn76@paypal.com,gO5\C.~q)@7l,2556170970,636 Reindahl Alley
260,Jamill,Pechell,jpechell77@hexun.com,aB3!u|VqCyeg2<c,9973938690,00173 Blackbird Road
261,Cobb,McPherson,cmcpherson78@ycombinator.com,bN5!\`oKJn}7j,8561682559,76891 Melby Center
262,Ginevra,Martignoni,gmartignoni79@soundcloud.com,"iB4,>0x""ZLy_}H",1388578447,76 South Court
263,Christal,Holhouse,cholhouse7a@wiley.com,rM6\8b+/O>in~,4357924736,540 Troy Point
264,Alanna,Smaling,asmaling7b@jigsy.com,dX5>@J\uWaC=,9971169747,8399 Lakeland Center
265,Nara,Loving,nloving7c@google.com,"jA3.j+k$V|,/E'/",5743394799,8135 Elmside Pass
266,Dale,Farrimond,dfarrimond7d@jimdo.com,"pR1`|%LdfE?d,",6825962897,2 Mendota Drive
267,Stanton,Goldsberry,sgoldsberry7e@scientificamerican.com,bG0\_QTnv,5808850025,7 Daystar Drive
268,Verge,Filgate,vfilgate7f@hp.com,tC3?5A+Lk#\,1122070053,5306 Brentwood Trail
269,Calli,Cohrs,ccohrs7g@nhs.uk,fW6#\WAyRkXgpF,9865207072,3980 Sutteridge Alley
270,Elena,Phelipeaux,ephelipeaux7h@wikimedia.org,qE1|R9T&?6xD,7417075648,70 Warbler Street
271,Kimmi,Skeffington,kskeffington7i@xing.com,"oI3~q$|\}p,S",9459177365,4 Sloan Pass
272,Corinna,Garrould,cgarrould7j@unblog.fr,gR1~zr~u3BN+d%A#,3094407023,6 Stone Corner Terrace
273,Noni,Scruby,nscruby7k@linkedin.com,aH0#h<kU,2283213455,484 Vera Road
274,Bryon,Liff,bliff7l@drupal.org,eR6**YM>Sw6{,9667766026,74 Westridge Drive
275,Boniface,Fitter,bfitter7m@state.gov,kZ1(i%}$,3459556815,747 International Alley
276,Adelind,Tukely,atukely7n@51.la,nE9/o#89)gUP\)=R,1756247907,55318 Shelley Place
277,Debee,Butchard,dbutchard7o@51.la,"wM8"")v=Xfu45?BrR",6333586763,52503 Fremont Drive
278,Roobbie,Braunton,rbraunton7p@redcross.org,pH1.#%P6XW!SE2!~,1946155360,28 Carberry Road
279,Shawna,Noot,snoot7q@npr.org,bO6?<UhN,6192775999,04927 International Center
280,Liv,Batkin,lbatkin7r@booking.com,sF3`>kG8gV~deEV,7071628072,83 Forest Run Terrace
281,Mathew,Pryell,mpryell7s@topsy.com,"eN4{pbt,",3987240414,575 La Follette Street
282,Therese,Smitheman,tsmitheman7t@comcast.net,jF3*(o1<!V3,3638648457,4 Muir Road
283,Raddy,Ivatts,rivatts7u@digg.com,fK1.VhYgdoR,6881668853,36 Ilene Point
284,Ailina,Rashleigh,arashleigh7v@hhs.gov,nD6/w2n8+beon`)8,9176895754,2 Blue Bill Park Pass
285,Dave,Gofforth,dgofforth7w@wikia.com,wU3+WNE{a_Z>t,1448834165,5 Schurz Park
286,Dianemarie,McCaighey,dmccaighey7x@salon.com,fR2@~_<#Ug<y3gqU,3048325518,286 Graedel Way
287,Rubin,Lumley,rlumley7y@webeden.co.uk,nK4/S)77bb,4637133579,2736 Ludington Pass
288,Wyatt,Seddon,wseddon7z@discuz.net,rP1)D&ny~,4698084437,04 Manitowish Drive
289,Richart,Pallent,rpallent80@tuttocitta.it,dD0)KZc|,5937431972,90 Muir Lane
290,Janeva,Franzewitch,jfranzewitch81@hugedomains.com,"sK0!c5""&2d}dd+p$",4706026959,695 Red Cloud Alley
291,Thebault,Shieldon,tshieldon82@engadget.com,cP1(zw/y+_(Rp,6837287251,279 Forster Court
292,Saw,Shayes,sshayes83@gnu.org,wH8(>kULh,9613594704,68703 Morrow Avenue
293,Gabbi,Bridel,gbridel84@pen.io,fQ8{&&hi}_goDh,5799153570,7 Novick Park
294,Millicent,Dowber,mdowber85@hostgator.com,gA8/BK\.,8801117531,0194 Dovetail Place
295,Meyer,Delgadillo,mdelgadillo86@walmart.com,mZ7_U`jy~,3254277174,3 Fieldstone Street
296,Meyer,Obey,mobey87@youtu.be,"bS2""mS'+b,",4273453584,22 Ohio Parkway
297,Horst,Bax,hbax88@noaa.gov,uO3`A+i%.5to_N),4941225143,89 Bashford Park
298,Marcello,De Bruyne,mdebruyne89@npr.org,"pT5$eg5H7,",5586150946,50 Esch Center
299,Lona,Shanley,lshanley8a@upenn.edu,jQ1&O<_HbY,3295556049,8 Pawling Terrace
300,Antonina,Cholmondeley,acholmondeley8b@foxnews.com,"wH7,JEYS&0#Q~iD",6295818275,36431 Green Ridge Terrace
301,Fenelia,Adamczyk,fadamczyk8c@mtv.com,dM3*TY@4>`zC@J9z,5262431246,3 Transport Road
302,Pepito,Mackneis,pmackneis8d@dot.gov,oN1)V(\T,2532503882,029 Declaration Parkway
303,Ximenes,Haulkham,xhaulkham8e@kickstarter.com,"gZ5/>27z/,{",5174493317,87 Doe Crossing Court
304,Almira,Sacker,asacker8f@netvibes.com,rI1<IEbnJWIM,2369619578,23284 Columbus Terrace
305,Jennette,Bouldon,jbouldon8g@unicef.org,kC1\UHAoMwl}6r,5949389690,0 Rutledge Center
306,Lydie,Barbrick,lbarbrick8h@state.tx.us,yZ3*US3(THlo,6618815111,8591 Butterfield Circle
307,Westleigh,Attrey,wattrey8i@imgur.com,mX8+EB3G\Td~PjlI,9853443114,09013 Melrose Road
308,Kliment,Kingswood,kkingswood8j@reuters.com,sL1&d*%EpeTOe_Y`,5406289623,04695 Coolidge Court
309,Daune,Wennington,dwennington8k@nba.com,"qQ1.Q""WA4w.L5lA}",8199959737,6 Sheridan Lane
310,Lydia,Darrigoe,ldarrigoe8l@businesswire.com,vO9@j$O&A#NVC)S,2985095826,9 Forest Dale Drive
311,Heida,Ackers,hackers8m@amazonaws.com,dU5}(L+@K*P,4591496162,940 Fulton Center
312,Vassily,Olander,volander8n@usatoday.com,"nX7$oY~""mVgK4LC",8009080492,9 Eagan Court
313,Xenos,Seamons,xseamons8o@businessinsider.com,"cZ0/9)s%&9=""B@'",6559588864,070 Ilene Hill
314,Marinna,Riggeard,mriggeard8p@dyndns.org,tH6#XU93CCRTU.,2221361855,17070 Green Ridge Place
315,Ced,Eastbrook,ceastbrook8q@mysql.com,lW8|Rq4M%>)i6}2h,9763460643,342 Surrey Parkway
316,Amandy,Simonato,asimonato8r@disqus.com,oE4!19xot$t?A,1646022854,72328 Eagle Crest Avenue
317,Chase,Simonaitis,csimonaitis8s@home.pl,qV7+X$R={lb,9316510016,44423 Meadow Ridge Street
318,Lowe,Ferrarotti,lferrarotti8t@nytimes.com,uF3`#a8'NM+),8764832694,8 Fuller Place
319,Cathleen,Lendon,clendon8u@nbcnews.com,pF1=(uD(xa)QP,3766298799,430 Bartillon Pass
320,Miriam,Filchagin,mfilchagin8v@bbb.org,jD2>Zu1sRC,9135278402,0466 Sherman Lane
321,Gunter,von Nassau,gvonnassau8w@ox.ac.uk,kJ8@prFwsb,5361383635,30818 Monica Circle
322,Callida,Floweth,cfloweth8x@over-blog.com,"qR0.7K=v""",8302113310,02596 Eggendart Pass
323,Elly,Stoyell,estoyell8y@lulu.com,lO1_d5=f,4455677705,19 Graedel Road
324,Marcellus,Wickliffe,mwickliffe8z@storify.com,nZ2*$*L=w/,7133304352,54 Cordelia Point
325,Kamillah,Kelso,kkelso90@posterous.com,qP9!AAz'?3j,3801169211,94278 Springs Junction
326,Andrej,Blunn,ablunn91@github.com,sZ8=?icSx1'5N+)O,6061429760,391 Union Street
327,Donovan,Dyter,ddyter92@dagondesign.com,dR9~h7e*J,7589115484,78686 Knutson Hill
328,Harlene,Sazio,hsazio93@smugmug.com,oL9.%r2.,1553447697,014 Corben Lane
329,Ruby,Cozzi,rcozzi94@bizjournals.com,tN8<hXAf8nhfov,6145156611,25 Rowland Plaza
330,Teddie,Steuhlmeyer,tsteuhlmeyer95@fda.gov,hE8}Z@NKAlArA_P,3206114629,14988 Debra Avenue
331,Levi,Emmines,lemmines96@senate.gov,"wS5.1mOz3,",1595773822,13 Carpenter Road
332,Marlee,Sloam,msloam97@answers.com,tF2?H+~&v9,8889276536,01856 Walton Center
333,Benson,Sarjeant,bsarjeant98@uiuc.edu,yL4{6vvbhU,2318935871,77 Union Drive
334,Denni,McClifferty,dmcclifferty99@free.fr,iA6<9MuJTNZxc',5152506946,0136 Barby Avenue
335,Sula,Talks,stalks9a@shareasale.com,mO2*KIQs)cux=5',1682893814,012 Coolidge Park
336,Karoly,McNeil,kmcneil9b@biglobe.ne.jp,qB4&QNA\(vo,9221850155,9 Utah Crossing
337,Gwen,Scorer,gscorer9c@webnode.com,"tN1""H/eYga(%",1116078665,3 Banding Street
338,Kiley,Tunesi,ktunesi9d@ebay.com,"jG6&=nOQ,k*3vc#",2074486986,6448 Columbus Drive
339,Dael,Garraway,dgarraway9e@loc.gov,oH7+u%ZqdOW&N$p,2888266095,5558 Little Fleur Hill
340,Dasya,Anstee,danstee9f@is.gd,"hG3>y.K@Y3,Xb8fF",5348238193,9 Kenwood Court
341,Franky,Billion,fbillion9g@hubpages.com,cU4{hcY.,1957195668,4244 Eggendart Center
342,Jorgan,Bispo,jbispo9h@wiley.com,xN2{{}a%tM&a,1856729738,9 Maple Wood Alley
343,Tiffie,Hynard,thynard9i@arizona.edu,qT1#_7TaFg,4995121658,348 Doe Crossing Pass
344,Willie,Mattheissen,wmattheissen9j@csmonitor.com,cL5+K8+_io9+B,5419374929,818 Arkansas Avenue
345,Bentley,Janota,bjanota9k@usda.gov,cB4!7$qW*ttp,4647727731,2455 Laurel Center
346,Alain,Basilio,abasilio9l@diigo.com,bQ8~Y)X#0oN$,6314781986,32 Grasskamp Terrace
347,Phil,Itzhaiek,pitzhaiek9m@ifeng.com,yE4|ngKB,3587870015,79 Bellgrove Place
348,Roxi,Legrand,rlegrand9n@mozilla.com,xJ2&EK`},3208538702,508 Moulton Point
349,Evey,Rotter,erotter9o@cnet.com,tQ3*U#qT+,3366952696,466 Farragut Pass
350,Charmine,Davern,cdavern9p@ucoz.ru,tH2_3|r8aOB~N.,4266029723,1 Kensington Court
351,Shirleen,Delea,sdelea9q@aboutads.info,cU7=<zGjevCX@M>E,4671763083,12 Dryden Junction
352,Beryle,McGready,bmcgready9r@businesswire.com,pG0`4/wr}(%,4863318074,11 Clyde Gallagher Terrace
353,Kelci,Tomkies,ktomkies9s@prnewswire.com,"dW2""BRuK?",1201005662,47781 Bonner Crossing
354,Zorine,Wickrath,zwickrath9t@constantcontact.com,"zX0>'|a@b.GUz,",9602839194,80 Maywood Alley
355,Cori,Hotton,chotton9u@google.fr,xB5|wbv/BKBr1,5107867497,4 Sullivan Crossing
356,Nanon,Lawden,nlawden9v@walmart.com,zZ5~k'wN,3449753072,09584 Homewood Hill
357,Renado,Adamovich,radamovich9w@jimdo.com,jD9&r$_!8\,6162444555,96 Northport Point
358,Ki,Tweedy,ktweedy9x@si.edu,tI7~`Wlb5n&$?hVY,3793695684,633 Morningstar Avenue
359,Mac,Dakers,mdakers9y@europa.eu,lE1`%lNDV,1316306189,0 Columbus Alley
360,Elvera,Tabart,etabart9z@de.vu,vA7.u(JJqr,8615609867,97242 Buhler Point
361,Fanchon,Shenley,fshenleya0@sphinn.com,jC1|P}5XS,1649955875,6 Meadow Vale Circle
362,Madonna,Dowtry,mdowtrya1@ucoz.com,rB1{9o\C&u,2477947926,69289 Vidon Terrace
363,Carleen,Pawlyn,cpawlyna2@boston.com,kK7=>{KS_mC@,3237518214,2725 3rd Lane
364,Mireille,Mabley,mmableya3@macromedia.com,qU5#ZhU&$G44~9e,6115901423,793 Vernon Crossing
365,Moyna,Banck,mbancka4@java.com,lC7|'eG$VY~$|,2303758773,8304 Mesta Drive
366,Adora,Cheese,acheesea5@nps.gov,"oA9,,Qx/Ez16",6999799401,44 Merrick Hill
367,Hilda,Coslett,hcosletta6@bing.com,tS1!UqX83oTw,2205109566,1682 Havey Plaza
368,Chevy,Shardlow,cshardlowa7@pbs.org,rD8?Js%9\Id`P@,3555367932,708 Debra Terrace
369,Ursulina,Peasgood,upeasgooda8@harvard.edu,tW9/h|.q%,6632883169,9 Northland Place
370,Bernie,Willden,bwilldena9@npr.org,xR7}Vd0ND}y,7384922686,03 Dunning Street
371,Karine,Lartice,klarticeaa@vk.com,hM8%d5>qQO&%'H,4812394615,24 2nd Lane
372,Alix,Crank,acrankab@geocities.jp,xI0=jgKUU8=nB1,1864442680,1 Southridge Avenue
373,Gav,Attwooll,gattwoollac@mozilla.com,"fA4/u=1j@QZl2""",4805877625,30853 Maryland Drive
374,Dene,Tym,dtymad@wufoo.com,qS0@B0~1d,4159679521,30 Surrey Park
375,Dianna,Rainville,drainvilleae@constantcontact.com,"xX0\|t7sm9""OvG",3705364216,666 Marquette Way
376,Kienan,Comizzoli,kcomizzoliaf@blinklist.com,tL7/b0<\@(,1175302185,05060 Browning Street
377,Kristoforo,Sonnenschein,ksonnenscheinag@vimeo.com,qC9*Mmx(x,5224229019,3339 Fisk Trail
378,Man,Hann,mhannah@bloglines.com,"tE2""/qd'",3692687174,1 Spenser Lane
379,Akim,Lintill,alintillai@ehow.com,aS3?!|S&|9KI8!,7565336556,76 Dorton Center
380,Reinhard,Lackington,rlackingtonaj@engadget.com,"rJ5<6i3hMp,",2046834760,8 South Street
381,Kort,Ackenson,kackensonak@sogou.com,eN8+7i+Pec{J7?E,3544624481,19617 Lyons Park
382,Henrie,Stockton,hstocktonal@census.gov,xC6<HL4aLat,4444513229,373 Meadow Vale Road
383,Inigo,Reynish,ireynisham@cnbc.com,zQ4$udqy,5167939413,169 Badeau Place
384,Nariko,Wordsworth,nwordsworthan@cocolog-nifty.com,dW3?1II*VN?4Hi1r,2287091060,20 Steensland Place
385,Wandis,Beecker,wbeeckerao@scribd.com,wC8=t51@*,6226540856,400 Fallview Hill
386,Mommy,Bruhn,mbruhnap@fc2.com,lX7/oug3n,5243870936,89718 Killdeer Way
387,Alberta,Rissen,arissenaq@pinterest.com,"jG6,A'.*PtG",4302984401,8699 Cardinal Plaza
388,Melania,Chatterton,mchattertonar@slate.com,qS0+)imp\o,9391090667,7996 Sauthoff Circle
389,Aurel,Fellman,afellmanas@census.gov,"rX3""KNq1WCwePc",4851275779,6945 Dryden Road
390,Jackson,Ludl,jludlat@odnoklassniki.ru,uH7{%'kWg0,1822658780,9 Crescent Oaks Junction
391,Ferdinanda,Potebury,fpoteburyau@over-blog.com,wW5&FiyXx_)LS,3908991171,7227 Grayhawk Crossing
392,Charla,Waddoups,cwaddoupsav@bbc.co.uk,fR5_Ml`A8>)7F#p|,6133706946,1972 Sunbrook Terrace
393,Imojean,Senchenko,isenchenkoaw@quantcast.com,vZ2=adet@c,5359825235,808 Almo Trail
394,Britteny,Kynson,bkynsonax@live.com,"wE0@M/FIu(M`gWP,",2559592212,19462 Tony Way
395,Burlie,Pinxton,bpinxtonay@cnet.com,pR1$!u/N,7802345630,5 Park Meadow Hill
396,Tyrus,Amiranda,tamirandaaz@jugem.jp,yI7`'Kk}S5,2718737648,16808 Welch Park
397,Cort,Agdahl,cagdahlb0@4shared.com,"eL8}8,o'AKS)G",9068411611,5 Fairfield Terrace
398,Sonya,Schoenfisch,sschoenfischb1@home.pl,zM9?WM\Ii.#/,7718692488,278 Clemons Lane
399,Jamesy,Chamberlaine,jchamberlaineb2@statcounter.com,wO4<GTq7,6363745464,9 Lakeland Drive
400,Arabele,Leek,aleekb3@is.gd,"nM7`*(""/k5$%2q",6369466041,13 Eagle Crest Alley
401,Carlos,Doran,cdoranb4@umich.edu,yG5|?cYvMW,5092598024,2270 David Park
402,Corette,Balmann,cbalmannb5@instagram.com,"hF3!,""w)#",2008444825,82 Manley Center
403,Barth,Mation,bmationb6@xrea.com,"uL8""}rk10",1881213338,15394 Charing Cross Parkway
404,Joyous,Yearsley,jyearsleyb7@cargocollective.com,sR3!pA#bI}Vu*U?S,3358572340,41881 Stuart Pass
405,Carmela,Waterfield,cwaterfieldb8@un.org,qZ0/8($hBP.2`rMx,4199256773,0802 Nobel Avenue
406,Calla,Jeffray,cjeffrayb9@desdev.cn,"gD1'ptkFwt7""_*f",4921952425,5 Dixon Lane
407,Elaine,Daynter,edaynterba@symantec.com,"gP6&t_,WP64fq@LD",3135533931,264 Fairfield Circle
408,Wright,Gowenlock,wgowenlockbb@sfgate.com,"lO1~M<`EO/""XFy'",5393790933,47 Eastwood Point
409,Alain,Scholcroft,ascholcroftbc@phpbb.com,jK5=Eu}esXo$N#c,9589630764,98 Artisan Lane
410,Meredith,Phillippo,mphillippobd@usda.gov,sJ2{rZ4>{,3433598206,8467 Ludington Way
411,Quinton,Peddar,qpeddarbe@gnu.org,qO4)I>|r3/q,2781365804,550 Petterle Lane
412,Cyrillus,Phil,cphilbf@sphinn.com,xU9)@}2Q/tz5EuVe,8747509334,608 Prairieview Pass
413,Ashien,Brideaux,abrideauxbg@thetimes.co.uk,uD1)Yk/.'T6'63ne,1268442983,59 Barnett Lane
414,Adolf,Smellie,asmelliebh@qq.com,tX9=*?>KFFP$|4?,3229292300,287 Farmco Street
415,Melvin,Hay,mhaybi@wikipedia.org,"lY1\XS,ql_D",6527678302,8972 Barby Point
416,Maryanna,Devinn,mdevinnbj@sbwire.com,fI6|%x!Cvyyp'9,7727396446,4 Arkansas Point
417,Percy,Horlick,phorlickbk@gmpg.org,fC3$|Vz$!,6866863753,814 Muir Way
418,Charlotte,Diegan,cdieganbl@telegraph.co.uk,cG3@_p>&vbbXw2,9624067229,80097 Havey Center
419,Sandro,McDell,smcdellbm@epa.gov,eD6(.Ox1)L=~i{L,2293425798,8 Crownhardt Alley
420,Arlinda,Aldwick,aaldwickbn@sphinn.com,mL7?#aI0unVpw,6447837182,97 Basil Lane
421,Piotr,Axtell,paxtellbo@yahoo.com,vB4~+xgn9\_,8505230460,108 Stang Pass
422,Colin,Amery,camerybp@phpbb.com,"kG4~k_b,)ck%gieH",8594256,5 Hagan Hill
423,Ulrika,Arnauduc,uarnauducbq@seesaa.net,mQ8}X=Jjt_ABdCc9,2222519693,1230 Express Terrace
424,Ulick,Dumke,udumkebr@photobucket.com,mA4{}Ah%,8735159162,067 Northview Crossing
425,Pall,Adams,padamsbs@youtu.be,vX9(<_#G,1044701278,026 Arrowood Way
426,Maxwell,Glavin,mglavinbt@ifeng.com,"pO3""(J&CD4q>2UL",4373559099,5 Graceland Road
427,Warren,Ingon,wingonbu@amazon.de,cQ8/+F$r}r@,6941660720,36725 2nd Hill
428,Milli,McGiffin,mmcgiffinbv@chron.com,lF2}K'WMVK,9708997778,30286 Goodland Court
429,Sig,Wrassell,swrassellbw@europa.eu,"nA2,qo?o\Jy8otH",1579569970,95 Independence Center
430,Lyn,McCreagh,lmccreaghbx@who.int,bK9(53tm,3329877914,096 Beilfuss Way
431,Jarrad,Blewmen,jblewmenby@list-manage.com,zU6)hd2J!zv*e8=,1333685624,427 Crest Line Pass
432,Hillier,Pheasey,hpheaseybz@canalblog.com,wR6.S33+)?LG,4021021447,66 Red Cloud Circle
433,Prudence,Burner,pburnerc0@geocities.jp,rT0(f!?l/!YkL,9355832274,967 Green Ridge Park
434,Keely,Seller,ksellerc1@weebly.com,eB2\pl`d4fw0{p,4777654616,3 Caliangt Crossing
435,Elianora,Palffy,epalffyc2@boston.com,"dJ9,D'9NQ5W5%PR",8828740696,16 Bunker Hill Junction
436,Mikaela,Cheevers,mcheeversc3@mlb.com,mL4/3Z$?y=g_,3483022051,56157 Prairie Rose Crossing
437,Corbie,Lawerence,clawerencec4@usgs.gov,zN2=00Lltq1`na,9335263834,9 Stang Pass
438,Kristos,Cicci,kciccic5@guardian.co.uk,cB9~_A/BJ5,2688598729,0 Miller Junction
439,Winnah,Ambler,wamblerc6@free.fr,tY3\Ty>/#e?sb,5417007513,0 Farwell Center
440,Veronica,Gatlin,vgatlinc7@amazon.com,dX5}*X)m@t5,5183757396,5156 Orin Drive
441,Kristoffer,Izzard,kizzardc8@tamu.edu,"yS0/,wUASe&4\}AH",7261357663,190 Stuart Way
442,Shurlock,Ussher,sussherc9@goo.gl,vF4/yi#!qC,4944848522,09859 Acker Pass
443,Dallis,MacColl,dmaccollca@bluehost.com,"qP6~z((""!dKk",7932909700,649 Little Fleur Trail
444,Alyse,Dowty,adowtycb@home.pl,tY7=KhXNr9z%y@wr,5358593199,2761 Northport Court
445,Saxe,Bodd,sboddcc@ebay.co.uk,bT7)\Dy!,2487425581,73 Alpine Crossing
446,Mannie,Carrodus,mcarroduscd@wufoo.com,"zS5"",Q_,%&",5362943070,30842 Jana Center
447,Gustie,Lightbown,glightbownce@t.co,kT5/Xr}s,2912102218,40 Sommers Plaza
448,Ansel,Kemet,akemetcf@twitpic.com,"qI8""b!!YG.@`fELp",7586018265,28496 Bartillon Court
449,Vanna,Sendley,vsendleycg@cargocollective.com,"mL1(hK,gcmR<1AC>",1407044270,89212 Scott Drive
450,Laura,Sloy,lsloych@dedecms.com,uQ4_vb7d7,1558625242,9 Transport Plaza
451,Josefa,Wilfing,jwilfingci@pcworld.com,"mO9/>`H5D6|H?$,.",7624330431,830 Ramsey Pass
452,Damita,Overington,doveringtoncj@bbb.org,oA2=mzC5,1747036354,95 Schmedeman Center
453,Heather,Kilgrove,hkilgroveck@answers.com,"bQ3,.pPQ",4931442134,88243 Badeau Pass
454,Chlo,Putley,cputleycl@reference.com,"bP3=d,Jz%*",6211597276,87754 Bay Lane
455,Michel,Ulyat,mulyatcm@ox.ac.uk,xF9=jc8l0(HXAxR,5014931702,675 Haas Parkway
456,Fancy,Philipeau,fphilipeaucn@tuttocitta.it,"mB9#2<Lcg}3),iu",8444076023,2 Florence Way
457,Reagan,Hagard,rhagardco@army.mil,"qG0""8=DOWYqF>b",4433486465,73 Dunning Trail
458,Doralyn,Swafield,dswafieldcp@jalbum.net,iC8>8dRxM@,2244433852,55 Erie Way
459,Wallache,Smedmoor,wsmedmoorcq@wsj.com,cK5%w+>U#96DF,5915730715,540 Lillian Pass
460,Shanie,Jakubovicz,sjakuboviczcr@so-net.ne.jp,"wX0_9G4I5ft.,L",9557525207,27 Pawling Point
461,Kimbell,Kimmins,kkimminscs@t-online.de,nW7*Y2Bd,4676198544,72 Hanson Way
462,Phillis,Jakubczyk,pjakubczykct@va.gov,jF5@hgIJ+Xg,9683336495,00354 Amoth Center
463,Kacy,Kidman,kkidmancu@oaic.gov.au,"kX4%F7{9(,g{rlX|",4862786395,9766 Center Court
464,Justin,Serotsky,jserotskycv@cargocollective.com,"jB0=,>avwI",4856716228,913 Grasskamp Park
465,Antoinette,Ungerer,aungerercw@odnoklassniki.ru,fK1'{@n!1n?~8S,2218278064,1911 Delaware Road
466,Luci,Anster,lanstercx@webeden.co.uk,iB9)KP0z<,9144363871,854 Petterle Center
467,Thadeus,Hunnisett,thunnisettcy@redcross.org,sU8~5#za{Da8Gs,5048228836,478 Vermont Lane
468,Martie,Temporal,mtemporalcz@tiny.cc,eR6%})0kr>KcQ,3955966574,0211 Burning Wood Place
469,Cherin,Hamerton,chamertond0@networksolutions.com,"cF4""cwGsHF",9747123383,0 Vernon Parkway
470,Netti,Brayne,nbrayned1@cpanel.net,iB6!f!yAIGJ>d6,4007127742,85 Ridgeview Lane
471,Fowler,Niccolls,fniccollsd2@myspace.com,uN6~SH'6H*q,8933928550,412 Utah Place
472,Alejoa,Treske,atresked3@virginia.edu,pT7#uULeomgxnp+~,9558095246,50998 Mitchell Center
473,Bevan,Sarll,bsarlld4@wsj.com,oL2}8.)q',2829474137,811 Badeau Drive
474,Gnni,Shepton,gsheptond5@buzzfeed.com,eL4~ZKbe,7073634311,80 Gale Alley
475,Konstance,Conboy,kconboyd6@engadget.com,"vR3""C%J7.|d""B0",1903740685,32570 Jackson Junction
476,Francesca,Carletto,fcarlettod7@scribd.com,vB6(nxRMox(HFL,8099003790,7145 Pond Place
477,Wright,Curnow,wcurnowd8@chronoengine.com,iZ2)WY6!},3473926980,7431 Hallows Lane
478,Tracee,Brownsall,tbrownsalld9@free.fr,oO5?cKpz'j7tUsu,2967801912,2342 Bartillon Drive
479,Leilah,Marshallsay,lmarshallsayda@va.gov,xM4*anEi{q3,6209743209,2 Carpenter Avenue
480,Amalita,Slopier,aslopierdb@ezinearticles.com,yQ9}T+~f&7/C,4455686073,6353 Packers Park
481,Denys,Howlett,dhowlettdc@skyrock.com,cD5(w<!~0,7453175197,774 Heffernan Terrace
482,Georgiana,Griffey,ggriffeydd@constantcontact.com,fV1.W|aHF,1855185024,1 Eggendart Trail
483,Karilynn,Degan,kdegande@e-recht24.de,yG0(J`G<n7<@t\V,6607648362,65 Twin Pines Road
484,Dewitt,Tingle,dtingledf@upenn.edu,"rH6""XY)TKdRrP#cS",8245532840,1547 Old Gate Lane
485,Rorie,Ealam,realamdg@kickstarter.com,nD7\5nX#,8322479459,85 Ohio Parkway
486,Hersh,Saice,hsaicedh@simplemachines.org,fE1&d4of!J2`,6959374067,54352 Doe Crossing Road
487,Petey,Lyndon,plyndondi@europa.eu,wI1~KjhP7}{`W',7062466554,95 Oakridge Junction
488,Shelly,Vlasyev,svlasyevdj@who.int,bP7/S%IBad86,7438303964,6516 Brown Lane
489,Netta,Costan,ncostandk@ovh.net,eL7<#\o7J|_,9387109817,7 Oak Valley Avenue
490,Crin,Bullingham,cbullinghamdl@vk.com,pR6/J\VlZ5o,9681344415,05 Del Mar Road
491,Brittney,Camilleri,bcamilleridm@redcross.org,"cR4{I(,jj",8351751800,78158 Anniversary Way
492,Sadie,Coggill,scoggilldn@salon.com,"yR5""3cP/8.A@",7139540037,98977 Mockingbird Avenue
493,Susette,Gaize,sgaizedo@amazon.de,cO7*IzZs_,6922062465,9 Brickson Park Pass
494,Lorraine,Punchard,lpuncharddp@soundcloud.com,"qU6_%y}/MT$k""",6325042664,61 Scott Road
495,Tony,Sturrock,tsturrockdq@rediff.com,"dM4&wjHh,e?t55w6",4706019258,17 Arkansas Junction
496,Munroe,Crisell,mcriselldr@cnbc.com,jK7#'oE6,7658797409,41 Hermina Terrace
497,Luci,Woollcott,lwoollcottds@php.net,mE5=i0(g4>K,2662605435,5532 Golf Terrace
498,Lindy,Hakonsen,lhakonsendt@jiathis.com,cS3<cIsdJ+<)gN$D,8127529615,88 Pierstorff Junction
499,Agathe,Poschel,aposcheldu@about.me,mR5_Mo0iB,8137238547,8 Rieder Lane
500,Kristopher,Lansdowne,klansdownedv@skyrock.com,iE3=Sj4GL+/0#y,5511754799,3 Pawling Trail
501,Hermon,Blackhall,hblackhalldw@ehow.com,iZ1>)kC)&9,1711418620,372 Judy Crossing
502,Mahmud,Salmen,msalmendx@themeforest.net,xG2.)IiWO=,4227295479,65 Barby Avenue
503,Rae,Burde,rburdedy@ft.com,nY9`3IGGnV,5974431659,67 Wayridge Hill
504,Sunny,Sackes,ssackesdz@pagesperso-orange.fr,qC7*z/M+p(I,9181389945,75 Mesta Avenue
505,Leonidas,Kepe,lkepee0@nba.com,"iO6""5D'?",2951935949,39 Leroy Pass
506,Norma,Beaushaw,nbeaushawe1@businesswire.com,vH3.04I<O,1818879229,9820 Dottie Parkway
507,Calla,Bleythin,cbleythine2@canalblog.com,"zM9.b""@c0GE%t/",2945806283,013 Macpherson Lane
508,Culley,O'Halleghane,cohalleghanee3@storify.com,tA8/a.+?zY+#,9264229540,61780 Sundown Center
509,Scarlett,Morman,smormane4@rediff.com,mC7(7vgPq<u<Kt7O,6859111393,2906 Linden Lane
510,Christoforo,Swyn,cswyne5@bloglovin.com,xM2*M(kxY~,6866592781,11916 Longview Lane
511,Emmeline,Delnevo,edelnevoe6@amazon.co.jp,"fK2(d'ki{CmQr""",4371131266,70 Oakridge Court
512,Herminia,Radleigh,hradleighe7@quantcast.com,kF4=uZlHvlX$H,3756359733,98676 Shasta Pass
513,Poppy,McIlory,pmcilorye8@discovery.com,xZ3\U*&s_w,5536231016,3801 Clemons Crossing
514,Demetrius,Gaule,dgaulee9@drupal.org,"jK9,!`_>ay\`1<Vl",8855660474,0908 Thompson Drive
515,Davie,Cancelier,dcancelierea@ow.ly,dE3!bUi&7hy2D,9079748812,8 Columbus Way
516,Emeline,Sheepy,esheepyeb@miitbeian.gov.cn,uX2*>ZJ09G},7817000644,7 Sheridan Crossing
517,Barris,Dmitrienko,bdmitrienkoec@reddit.com,cH5|NFiM>5h8k,9632746805,029 Duke Center
518,Fletcher,Stichall,fstichalled@blinklist.com,aT8+}}q3Ek=Jc,5517798138,11473 6th Terrace
519,Clair,Flucker,cfluckeree@studiopress.com,jT8%??pYJhF6,4056848514,5014 Mccormick Hill
520,Gilbertina,Hendrix,ghendrixef@alibaba.com,tA6.z`o277Z%NV65,8453409705,1 Derek Way
521,Hildy,Butler,hbutlereg@about.me,wL1(5V!zCY.,5782213825,3124 Hansons Circle
522,Vince,Carruth,vcarrutheh@ycombinator.com,kK9)Q$Y4MvL2ml=,1504978034,45289 Pine View Alley
523,Amby,Renshaw,arenshawei@marriott.com,lJ6~|A7<L#M&ff,8554756390,33 Tennyson Avenue
524,Marjorie,Bartlett,mbartlettej@bloomberg.com,uD8~(F3e04%'{,1609952438,067 Packers Court
525,Waneta,Rolse,wrolseek@tuttocitta.it,fR1)Sy4F%q,5264745796,9230 Mockingbird Plaza
526,Lorain,Mynard,lmynardel@washingtonpost.com,"cW9=q,*If",6539047982,8830 Atwood Plaza
527,Lucilia,Rawcliff,lrawcliffem@surveymonkey.com,aN0>drj$V+,1906050892,80436 Anzinger Road
528,Germaine,Armstrong,garmstrongen@google.es,wB0@FO>vvFsb,9661671014,52458 Linden Pass
529,Teddy,Dysart,tdysarteo@miibeian.gov.cn,mI5(jx1+m,8793950610,0177 Ruskin Park
530,Idelle,Gabe,igabeep@google.co.jp,xW8~mY0)Z8,6321256800,205 Onsgard Center
531,Miles,Dzenisenka,mdzenisenkaeq@over-blog.com,"dS9%+Jp,>",5949116608,97194 Welch Street
532,Yoko,Wehden,ywehdener@bandcamp.com,"kC7,R#Byi\`E",8471994203,880 Katie Way
533,Quinn,Longo,qlongoes@blinklist.com,"qV4""wC}&Sx",8257103687,55166 Grim Pass
534,Layton,Watting,lwattinget@home.pl,rA1|j'{#KupB,3226441199,915 Glacier Hill Drive
535,Barbie,Gonoude,bgonoudeeu@ted.com,fD1|qa<~Z?pC,2598283822,28 Dexter Pass
536,Edy,Castree,ecastreeev@ft.com,"kF9>N+,4*z>,guB",4321364435,73 Loftsgordon Trail
537,Valaria,Brandolini,vbrandoliniew@bing.com,"hE4@T`!@3,q}cE",8571642172,84009 Lakeland Lane
538,Anselm,Jacklin,ajacklinex@infoseek.co.jp,cS7}G%4m56<sa95,9056935163,8095 Rusk Hill
539,Kaila,Franzettoini,kfranzettoiniey@sun.com,qC7!~k#6?|5FTtz,3966917019,3 Derek Court
540,Seka,Menci,smenciez@imdb.com,"iQ6""PN|m1i{Fl<%",8491688658,0 Melvin Road
541,Sanders,Czajka,sczajkaf0@constantcontact.com,zU3\2@XJ7c?8M3l,1439138813,28 Thackeray Way
542,Jacinthe,Sprowell,jsprowellf1@hhs.gov,hW4`%5qS,2114623722,7703 Burrows Street
543,Nealon,Lerohan,nlerohanf2@ucsd.edu,cM2_cF$voo$W\U,9992818390,5823 Sunfield Road
544,Chrystel,Devine,cdevinef3@usda.gov,dI6?8RXH%,9046180624,11256 Scott Plaza
545,Geoffry,Screach,gscreachf4@odnoklassniki.ru,"gB4<Kv=,1|mt*9>s",3991874051,272 Atwood Court
546,Ofelia,Bonallick,obonallickf5@livejournal.com,dK4'1{0gT%LW|V2/,7142112508,40 Aberg Way
547,Eugenia,Sargeaunt,esargeauntf6@ox.ac.uk,bX9_J%Tx{Qt/i>y=,1848652682,5 Green Pass
548,Carilyn,Tedder,ctedderf7@techcrunch.com,gF9`yUMz+/',8323824351,55677 Becker Trail
549,Philipa,Kipling,pkiplingf8@hc360.com,nJ1`D5#IIr,3895436498,5252 Artisan Pass
550,Faydra,Tothe,ftothef9@issuu.com,wE9.u_jW'P,7384309383,45043 Maryland Road
551,Derick,Fretter,dfretterfa@ca.gov,wZ6%OPcVA,1148086602,2897 Calypso Road
552,Wadsworth,Marzellano,wmarzellanofb@chicagotribune.com,"dH7#GITs""{5vc",1963275466,6114 Morrow Center
553,Howey,Tinan,htinanfc@ask.com,qN9_>~H=75(MLjq?,7159057964,8234 Troy Court
554,Salvatore,Dommerque,sdommerquefd@infoseek.co.jp,"wO5}$wEuz2oRo,w",8832026871,697 Trailsway Point
555,Claudia,Capeling,ccapelingfe@cdc.gov,yM9.&D+D$S~2r?y,4236787336,97870 Heffernan Crossing
556,Suzette,Huguet,shuguetff@va.gov,gQ4~X3&\*,3388579354,16306 Service Parkway
557,Godart,Wigin,gwiginfg@fotki.com,hQ7.|TK3w,5038125183,50 Glendale Street
558,Corette,Lougheid,clougheidfh@symantec.com,qU4!!b$lWq!,1878263276,63981 Spohn Junction
559,Aubrey,Jolland,ajollandfi@whitehouse.gov,uQ2#F1Q{7,6264491859,0862 Oxford Junction
560,Wright,Leathlay,wleathlayfj@symantec.com,yM1$8G{.6K+ky,3321307559,63 Garrison Center
561,Zach,Murcutt,zmurcuttfk@skyrock.com,qY9'wIoC,8851092908,3 Clyde Gallagher Circle
562,Annie,Tirte,atirtefl@freewebs.com,cM7\<V#Sn?VqFb7,3723162839,6 Forest Dale Court
563,Erasmus,Anyon,eanyonfm@people.com.cn,dU6@GM@L4huDPi,6935472549,54619 Village Crossing
564,Amalita,Merali,ameralifn@howstuffworks.com,uG3$WDt+{,1351465526,60012 Bonner Junction
565,Dee,Jouanny,djouannyfo@wikia.com,dB1*104db,5784636288,0863 Pond Way
566,Mick,Gibard,mgibardfp@plala.or.jp,xJ6'4t7?y\,8892105852,9913 Lakewood Gardens Drive
567,Codi,Skull,cskullfq@live.com,mB3<#|=k3/Jg*g)},9422298551,924 Forest Dale Point
568,Brent,Andress,bandressfr@princeton.edu,"jT4""w'FR)'la,*L4",1064166946,1 Eagle Crest Crossing
569,Marne,Chaman,mchamanfs@instagram.com,"gM5|zW+|)@?""5Z4j",3659428658,68 Summer Ridge Circle
570,Corbet,Willatts,cwillattsft@gmpg.org,lO3(<r/c,3308549237,7 Shasta Street
571,Elisabeth,Jackman,ejackmanfu@paginegialle.it,"rK4,+*?j1""r?@D",6444099894,82 Blaine Hill
572,Galen,Cubbinelli,gcubbinellifv@delicious.com,"vB2""tT|)%T}0T",1872543888,35384 Bultman Hill
573,Jack,Napton,jnaptonfw@cdc.gov,jF3.6?<k#,9693550730,4 Waywood Terrace
574,Helena,Durran,hdurranfx@bbb.org,mH1+D@yQ`d+z.M8?,6497130057,5163 Golf Drive
575,Jesselyn,McLagain,jmclagainfy@msn.com,gP6'QXl9m|z,2613499121,490 Reindahl Junction
576,Evangeline,Kitman,ekitmanfz@bing.com,qB3)|HTFjOJrQ8{,4755969213,44385 Golf Course Drive
577,Abagail,Skotcher,askotcherg0@blog.com,xA7<APIrjITTNE5#,9679090752,2441 Menomonie Parkway
578,Mozes,Valde,mvaldeg1@google.com.br,tY8=x6y?F,1781405508,334 Hazelcrest Park
579,Forrester,Witherby,fwitherbyg2@thetimes.co.uk,lA7(*OtU)QRc%,1926905533,33 Little Fleur Circle
580,Missie,McCloughlin,mmccloughling3@chronoengine.com,xM6/1cF<t.WFe,7312650095,14174 Daystar Avenue
581,Kendricks,Jemmison,kjemmisong4@angelfire.com,fR3#f_E*v4o,1824445421,5 Vahlen Trail
582,Lynde,McDougald,lmcdougaldg5@microsoft.com,uO5{2t5|wzV4,6865328998,86 Walton Avenue
583,Noelyn,Ince,ninceg6@goo.ne.jp,iX0\GXE+o`JSob,2193436665,58 Messerschmidt Lane
584,Leonore,Challenor,lchallenorg7@icio.us,wR7+87)\GIv*X,5089181794,4400 Glendale Street
585,Leandra,Durden,ldurdeng8@wisc.edu,jB0$UaPN*,7595023506,82 Morning Junction
586,Sheilakathryn,Rekes,srekesg9@cornell.edu,hL0`#1O),6509746771,07637 Carioca Terrace
587,Granny,Graalman,ggraalmanga@census.gov,rT5/!UsOv}V,5907713387,13 Cody Lane
588,Debbi,Tuppeny,dtuppenygb@ovh.net,fF2@07_e,3603319737,11 Larry Place
589,Odetta,Sanches,osanchesgc@statcounter.com,qA1{Npqb5,3369907716,57957 Brickson Park Center
590,Judie,Fortnum,jfortnumgd@blogs.com,kH6`|=m|b,9389825340,22340 Esch Trail
591,Dion,Routhorn,drouthornge@npr.org,tT2<CBSfi_v,5787551580,66762 Ilene Trail
592,Dietrich,Cordelette,dcordelettegf@webs.com,"rE8}""z6ZWP)i,%",1409263545,69 Summerview Plaza
593,Faydra,Jozwik,fjozwikgg@ftc.gov,uR2(LNlm,3164138516,8 Village Green Court
594,Rodi,Paiton,rpaitongh@ca.gov,"jY4`,VhOzJ(jo",5746457173,3 Kedzie Crossing
595,Magda,Barnshaw,mbarnshawgi@umn.edu,sJ8?6r|mU37,9087708445,12667 Kim Lane
596,Marina,Estoile,mestoilegj@sitemeter.com,"hL0@N""a\M$Olp",9088613983,07497 Sage Plaza
597,Klarika,Boness,kbonessgk@bigcartel.com,kT5+1B=esAGA,2398142648,3008 Lake View Place
598,Carlen,Janeczek,cjaneczekgl@unc.edu,"pY6=H,)RwH>",3701478081,8015 Westport Plaza
599,Alfonso,Errichiello,aerrichiellogm@tmall.com,zH7{}_8fC~v,6324216888,6 Grasskamp Terrace
600,Felicia,Hedley,fhedleygn@netlog.com,"lV8<>V,""y\|1V",3716087536,08171 South Hill
601,Farra,Farrears,ffarrearsgo@cornell.edu,yZ6|DHU=%EM,2307961859,4 Tennyson Point
602,Ginnifer,Gronw,ggronwgp@hexun.com,hQ4*ZvJjC>N,7346859433,418 Gateway Way
603,Konstantin,Stoeckle,kstoecklegq@hugedomains.com,hT0}C/n%l'P,4538231948,8353 Kensington Pass
604,Kiri,Giraudoux,kgiraudouxgr@google.pl,eB9+=4TaIDOU(3ik,3046330669,9 Toban Place
605,Ninnette,Gunstone,ngunstonegs@reverbnation.com,"gZ4""ga{}o?",8835222636,96 International Point
606,Analise,Champness,achampnessgt@cisco.com,pC0@LI'C,6074417892,221 Loomis Avenue
607,Richmound,Wield,rwieldgu@craigslist.org,kD2({cd0rB0*F4U,6946783773,4 Dapin Circle
608,Eileen,Billin,ebillingv@typepad.com,xL2}d4Z'BF,5666170940,455 Luster Junction
609,Ki,Pinck,kpinckgw@tripadvisor.com,"eD4_5w3""""Ls8",8086595869,2 Knutson Hill
610,Kirstin,Shayler,kshaylergx@nba.com,vD9`ew='y,1807403396,73 Division Park
611,Liz,Woodthorpe,lwoodthorpegy@apache.org,fG4@6z%.,7805889246,0100 Old Shore Drive
612,Edik,Mellanby,emellanbygz@simplemachines.org,wP3{W'MM0x3xdR,6488247344,3 Mcbride Parkway
613,Niven,Dubarry,ndubarryh0@psu.edu,yG4}AKAQ7oY&_3,9731993330,43 Arizona Lane
614,Rene,Raynor,rraynorh1@miitbeian.gov.cn,zR7+x6ylQ}.Rl2,9057309164,33394 Tony Terrace
615,Aubine,Heditch,aheditchh2@xrea.com,xQ8&>8?}''\19,2697513960,16253 Comanche Street
616,Robbert,Bransby,rbransbyh3@prweb.com,mH6%k$B3%G,4276275728,55 Fremont Drive
617,Farrah,Venn,fvennh4@mysql.com,"kH5=+F"")FSj!",2952096694,99 Truax Avenue
618,Dulcine,Hurling,dhurlingh5@desdev.cn,oV6`=9_C91,8442228290,4 Rieder Avenue
619,Christen,Le Pruvost,clepruvosth6@shop-pro.jp,mJ3}+o=F.z%{cTX{,1857374032,70342 La Follette Trail
620,Kaila,Rockcliffe,krockcliffeh7@microsoft.com,gO4'1uK9Q6.lS0,6844441571,42 Kinsman Pass
621,Mattie,Vispo,mvispoh8@123-reg.co.uk,fR9<hi7n`&\,4699972626,11 Utah Road
622,Fan,Glowacz,fglowaczh9@shareasale.com,yH7%=sTJn,6491970778,60798 Golden Leaf Plaza
623,Biron,Manicomb,bmanicombha@discuz.net,sE3+Bad0sPdM,1936660665,542 Milwaukee Pass
624,Harrietta,MacPaik,hmacpaikhb@amazon.de,vF1)U&H8Ja,3946067653,40197 Bultman Way
625,Cy,Gerssam,cgerssamhc@usatoday.com,"hA1@""F$bS",2929129436,1 Fordem Center
626,Romain,Tavinor,rtavinorhd@storify.com,yW3*CKe=Wli,3027334460,8 Montana Place
627,Prescott,Brinded,pbrindedhe@ezinearticles.com,eG2}3hFp4Z`,6856704412,19 Hayes Terrace
628,Terrence,Wallenger,twallengerhf@buzzfeed.com,sH6!o*6A+,4865142449,7555 Iowa Pass
629,Theadora,Mulmuray,tmulmurayhg@princeton.edu,"tE7$n#l,6('",2403150340,7580 Jenifer Parkway
630,Jdavie,Artois,jartoishh@barnesandnoble.com,dH6?NEg%x3pgd%f,9973884861,3 Armistice Park
631,Perren,Fettis,pfettishi@t.co,fZ3<QxP+asz?O,7451373073,2 Carberry Parkway
632,Pancho,Ferrettini,pferrettinihj@ftc.gov,qH9.7Bot?}bt,7007697261,31939 Hoard Park
633,Priscella,Gladwell,pgladwellhk@trellian.com,yV5#Mk\3,8933294220,2397 Corry Plaza
634,Ian,Olechnowicz,iolechnowiczhl@posterous.com,dU5!8j(4|$,2671427842,62440 Melrose Trail
635,Che,Buxey,cbuxeyhm@blogspot.com,cH5|Yc|ut3gw{%@j,8099791686,4981 Del Sol Hill
636,Nisse,Lingfoot,nlingfoothn@bbc.co.uk,dQ8!_R'W_dN~l},7597508176,529 Pond Pass
637,Vallie,Prydden,vpryddenho@e-recht24.de,wZ1+B)K%Wo,6626828395,6 Monterey Road
638,Morgan,Keemar,mkeemarhp@hao123.com,iM4>M7{KM~A67H,9543858829,6 Northview Avenue
639,Em,Baskerfield,ebaskerfieldhq@constantcontact.com,rZ9!Ec_M$jAX4y,2503969335,925 Kensington Place
640,Kalle,Baiden,kbaidenhr@ted.com,"aQ0?5o`,r",2282576443,59 Cody Road
641,Rhianon,Cullagh,rcullaghhs@nih.gov,"yX0\jR,V{M@}hT((",8021411588,463 Old Shore Junction
642,Brodie,Hulk,bhulkht@ning.com,dN4(ANDG=5z,4241638766,55 Golden Leaf Street
643,Paulie,Cherrett,pcherretthu@weather.com,uZ1{xZel?U0N==\k,4423457889,4 Old Gate Lane
644,Zebadiah,Fisher,zfisherhv@rediff.com,"qM8#|&|P,R!yi1y",3953980789,14849 Northview Junction
645,Aigneis,Brothwell,abrothwellhw@jigsy.com,kD1'4i\R!\b`,5806223578,15 Harbort Crossing
646,Aurelia,Corbyn,acorbynhx@fda.gov,jH4=klpx=ScMoI,2061413444,1918 Blaine Street
647,Mildred,Toquet,mtoquethy@oaic.gov.au,dD3\pzKR?fWC/.||,9464365389,09 Springs Street
648,Rockwell,Headon,rheadonhz@infoseek.co.jp,mM7*TEZ0ic.,9656342681,19 Independence Court
649,Keane,Hallt,khallti0@nbcnews.com,iO6&&*/>6,3048860305,68 Harper Lane
650,Salaidh,Maps,smapsi1@hugedomains.com,iS3\baJlYY+,2922725265,3 Oriole Street
651,Fifi,Puxley,fpuxleyi2@moonfruit.com,xD2_#TDJlx,2934096641,3 Holy Cross Avenue
652,Gannie,Laherty,glahertyi3@xrea.com,"nA7""5ZT&g,j",6959223417,26954 Stang Avenue
653,Peyton,Yuill,pyuilli4@arstechnica.com,nG8#+/#$,1265547062,256 Scoville Parkway
654,Lisbeth,McSorley,lmcsorleyi5@bloomberg.com,lP1=$?#bSpM,8796365646,04771 Novick Way
655,Shela,Revelle,srevellei6@ftc.gov,hT9@kc{l+tJh,7702388932,28596 Brentwood Lane
656,Adriena,Simcox,asimcoxi7@google.com.au,aG5.rR0A1|,2606252595,12 Eastwood Street
657,Natividad,Knightsbridge,nknightsbridgei8@spotify.com,oJ4)w#MJT'.,5943060321,47 Lindbergh Point
658,Caressa,Wayvill,cwayvilli9@smugmug.com,fH6_jWTRs,2605707529,664 Portage Avenue
659,Wilhelm,Rogister,wrogisteria@t-online.de,oX6>VXvbX,9744196911,11297 Stephen Lane
660,Burch,Gillogley,bgillogleyib@domainmarket.com,nE8.%xHw,2809920416,69302 7th Way
661,Robbie,Monument,rmonumentic@google.nl,"wO8,_6Sj",8824429673,8 Brentwood Drive
662,Gina,Brachell,gbrachellid@github.io,xD2'K0yjw|2r%`j,7422010775,93571 Macpherson Lane
663,Fabiano,Douty,fdoutyie@archive.org,oM2!Cu\B,5134571354,492 American Point
664,Tansy,Maven,tmavenif@noaa.gov,"kI1""tgy*J*)X",8381171975,057 Petterle Trail
665,Reinaldos,Levay,rlevayig@drupal.org,aW7`{7qSh,8749182940,63492 Muir Circle
666,Fredia,Blakeden,fblakedenih@arstechnica.com,bQ4%*\csnfw(,5338716515,6159 Buhler Crossing
667,Heddi,Willman,hwillmanii@4shared.com,"bR6|(,Ge<9))j8",4004260721,91123 Old Gate Parkway
668,Drugi,Espinal,despinalij@weibo.com,sQ7+)nI2kedHJ,6263870235,41 Mcbride Trail
669,Robenia,Mosdell,rmosdellik@gmpg.org,iZ2'tD/|sb~O|,7282757982,8761 Bluestem Circle
670,Jerry,Matokhnin,jmatokhninil@yahoo.co.jp,"oH9""KK}g4>88K",7746262636,532 Shoshone Trail
671,Tadeas,Damarell,tdamarellim@feedburner.com,uK8\jR*bK9xP}K,6952860634,3835 Rigney Terrace
672,Del,Gallyhaock,dgallyhaockin@free.fr,fO0$${)IVPS7sj,1287518138,3 Ludington Street
673,Dalt,Vanichev,dvanichevio@ucoz.com,rA9=C`$mgok.5,4786723547,48954 Loeprich Alley
674,Jacobo,Riddall,jriddallip@blogs.com,yJ1?1AAVA(,8075721003,5933 Alpine Terrace
675,Codi,Duncklee,cdunckleeiq@indiatimes.com,rS7</HvUy{Xsk,3253029767,6265 Toban Center
676,Yurik,Eastlake,yeastlakeir@storify.com,zI4>6k`Ub7&EUq}3,2319061441,3365 Lighthouse Bay Junction
677,Cory,Measey,cmeaseyis@walmart.com,bY8{K!LBLDC=`,6794915021,4 Nevada Street
678,Hymie,Dreger,hdregerit@bigcartel.com,"nT2+E,{tS$S",7732446311,07877 Michigan Street
679,Marilyn,Tresler,mtresleriu@examiner.com,wB3_I9pZ~$B8BcF,6333766321,9 Carey Plaza
680,Celisse,Massot,cmassotiv@booking.com,oP4#LS6c6dmA,7594263913,8203 Lukken Hill
681,Cash,Kemson,ckemsoniw@harvard.edu,sK7}C&7q3j.,6719056292,55 Transport Place
682,Godart,Agglio,gagglioix@blog.com,cB9_n2ZKn,8872155345,1 Sycamore Court
683,Justino,Huerta,jhuertaiy@cocolog-nifty.com,kN4|vMgFY,9667387727,2044 Graceland Avenue
684,Corrine,Garci,cgarciiz@disqus.com,gZ2$r`P&YDmiT,8685028656,1 Mosinee Plaza
685,Shirlene,Serrell,sserrellj0@aboutads.info,lU6{x.EtIQj>z,4339965292,063 Sheridan Street
686,Ramsey,Petche,rpetchej1@ocn.ne.jp,sV3|W!}|=wakbroo,4503096337,7602 Thierer Drive
687,Emma,Ewbank,eewbankj2@deviantart.com,yP3?yxa!P0\f,4793448760,899 Graedel Hill
688,Emily,McAulay,emcaulayj3@github.com,"mT9$ABx_""",6263364545,2604 Talmadge Plaza
689,Amalea,Stud,astudj4@goo.gl,oS2><0U+<=RWRY,3297611061,2200 Mockingbird Drive
690,Dene,Ritchard,dritchardj5@unesco.org,kN2+4c7cX,8253434894,8228 Sunbrook Junction
691,Michail,Caush,mcaushj6@rakuten.co.jp,"gT3$,\00>~P{0U",6252749176,161 Dixon Park
692,Anastasia,Saiger,asaigerj7@blinklist.com,iR4(SjZ~+1%,1502212558,09076 Pierstorff Terrace
693,Betta,Glas,bglasj8@google.fr,wT4|UD{a3\,3127678900,16474 Monica Circle
694,Patsy,Dilger,pdilgerj9@jiathis.com,qG0%3xKWF@\P,9542995150,417 Oneill Crossing
695,Donny,Petrichat,dpetrichatja@etsy.com,nK4&G.glWRa=xg~,7632272647,92 Mayer Crossing
696,Dionysus,McReynolds,dmcreynoldsjb@feedburner.com,iF0&r+tAe,5881082453,849 Mallard Place
697,Vaclav,Varfolomeev,vvarfolomeevjc@hexun.com,"nP3+},cq",5916066454,93533 Mendota Road
698,Olympe,Dulson,odulsonjd@typepad.com,"cP1(aSqtq""e@@xwZ",3946529515,9941 Ludington Street
699,Aldon,Kerrane,akerraneje@ucsd.edu,"yT8~`3{F,",6211104664,43 Michigan Street
700,Natividad,Cakes,ncakesjf@wisc.edu,fB3#GYZG?&G5,1738954702,0386 Browning Way
701,Brewster,Ezzy,bezzyjg@sourceforge.net,uK8~5xLkzMhXm0Kc,6229266706,00 Grim Terrace
702,Riobard,Greenman,rgreenmanjh@mapquest.com,iV1/OJcpLE@b,3411335671,7529 Straubel Way
703,Perren,Haslin,phaslinji@kickstarter.com,"mI4,U(\J0>QV?",8748287536,6 Havey Hill
704,Grant,Lozano,glozanojj@aol.com,iR5'tzCs'x7)#,8157411323,50170 Vermont Place
705,Amelina,Fosten,afostenjk@cdc.gov,lZ2@)emZ,8729789207,76436 Pleasure Place
706,Hermine,Glas,hglasjl@ucoz.com,pG5)~aMtnPO_,6447555038,0719 East Park
707,Kai,Durrans,kdurransjm@fastcompany.com,hV5&}JT<,9887411703,242 Hayes Plaza
708,Thedric,Viggars,tviggarsjn@ehow.com,uO0#QRyt,3156234641,660 Cottonwood Way
709,Floyd,Aldren,faldrenjo@gov.uk,fE7%KjfE_jm,8106908846,3551 Sycamore Lane
710,Niel,Wishkar,nwishkarjp@shareasale.com,bV6<*Vb<fG'(,1921690265,3502 Cordelia Hill
711,Theodor,Schriren,tschrirenjq@pagesperso-orange.fr,"rK9)}Z\g(hUC,G",7348043526,0145 Hagan Road
712,Woodrow,Raff,wraffjr@csmonitor.com,rR5(QK#Q.CP_,1843193815,275 Scofield Circle
713,Galina,Clancey,gclanceyjs@theglobeandmail.com,cM2$d8.!QKt}o,7067497084,1 Commercial Place
714,Riane,Scarfe,rscarfejt@studiopress.com,kX9/ibbMz,7318371824,53 Barnett Road
715,Yoshi,Titmuss,ytitmussju@imdb.com,jF7{<e{<FEi,5668237568,5639 Sommers Trail
716,Jaquelin,Cutridge,jcutridgejv@quantcast.com,uZ7?n@+PdV*!,7938388411,1164 Blackbird Way
717,Leda,Rouse,lrousejw@weather.com,wG3~HXWlix,5547668990,54 Cottonwood Plaza
718,Rana,Aleevy,raleevyjx@telegraph.co.uk,oH8\I{Qe,5637642019,474 Gale Park
719,Atlante,Hiscocks,ahiscocksjy@cyberchimps.com,xB8_<+I.IQZ,9541570986,97707 Service Lane
720,Patin,Idale,pidalejz@t.co,gL9'S|J@u.P!uH,6916405948,3095 Forest Dale Drive
721,Ina,Haresnaip,iharesnaipk0@ovh.net,tA5+0dCxB(|J#6,9478868385,6 Sage Point
722,Thaddus,MacGaughie,tmacgaughiek1@fastcompany.com,kE1'Er{!,8296077066,3398 Springs Parkway
723,Crawford,Henrique,chenriquek2@shinystat.com,"uH0,),'r",3135189698,96 Washington Place
724,Ronni,Thackeray,rthackerayk3@wunderground.com,pO3%JL!C7>K,1735887853,879 Cambridge Center
725,Merilyn,Lipscomb,mlipscombk4@sphinn.com,oA5$.`*n$i09gIcP,6251833074,34590 International Park
726,Christie,Adame,cadamek5@blogtalkradio.com,jN5\atHDhR,4267158714,5 Old Shore Pass
727,Blinny,Cogswell,bcogswellk6@berkeley.edu,nQ4!5<74em,5444072300,5 Emmet Park
728,Agustin,Vassano,avassanok7@comcast.net,pD5!bJ2<VO,7155307136,632 Graceland Center
729,Marleen,Eadie,meadiek8@ibm.com,"dX8)pqgAQZ,bR",5919273045,61786 Hauk Place
730,Garold,Summerbell,gsummerbellk9@goo.gl,"uU4&g""kXsMjFd)|",7385257004,95 Golf View Pass
731,Bobina,Aukland,bauklandka@hubpages.com,fM7`Zy}gLQ,3698722679,45 Oriole Plaza
732,Wenona,Folini,wfolinikb@sciencedaily.com,"lE7'|#Ke,>nA9|G%",4912542052,1341 Delladonna Road
733,Feliza,Slater,fslaterkc@slashdot.org,zW9'N&GLragX,9393096340,7052 Vidon Pass
734,Roarke,Covelle,rcovellekd@amazon.com,rC0>+094zj_?N,4644512989,88 La Follette Junction
735,Andreas,Renwick,arenwickke@163.com,gT2(Al_V02|!,9622991186,24247 Milwaukee Crossing
736,Jacintha,Lambis,jlambiskf@multiply.com,"dI0$,3q~au)Qn&p",8974417635,0603 School Circle
737,Lorene,Dulanty,ldulantykg@yahoo.com,"iG4/{k,!tCQx",3644633183,9046 Pawling Lane
738,Almeta,Kenyon,akenyonkh@toplist.cz,iQ3_*bHNY&c.>Y,2704183952,1 Sherman Pass
739,Corette,Kuban,ckubanki@studiopress.com,oA8?EVZX>rg,2581150291,860 Brickson Park Park
740,Marsha,Uwins,muwinskj@hostgator.com,xJ8%vwH),2419163512,0 Maywood Place
741,Allys,Mallabar,amallabarkk@blogspot.com,jX0<mjo1o4Qtn2j,8419079245,87 Kennedy Park
742,Breena,Boulden,bbouldenkl@wufoo.com,fT1&8ZEAnX,9713150521,99 Pankratz Way
743,Heddi,Robbert,hrobbertkm@cafepress.com,aE4~u5T?Tnk,9678534191,8 Mcguire Way
744,Fabien,Cayet,fcayetkn@cyberchimps.com,kT5>@X>wWV(Gy,6341221244,4358 Sloan Circle
745,Aubrey,Crichley,acrichleyko@go.com,xE9/O<g<nyl,2295116741,129 Oneill Park
746,Sunny,Amerighi,samerighikp@godaddy.com,tR0~hUX_z2,2951585612,9 2nd Crossing
747,Pernell,Saggs,psaggskq@washingtonpost.com,vS2.>&zQ1OMp$Hzy,9768511167,1 Sauthoff Plaza
748,Chelsae,Heindrick,cheindrickkr@theatlantic.com,hG6/qx|V,4261953551,0847 Gina Way
749,Wiatt,Leynagh,wleynaghks@t.co,"xX3,6cSL9R{M",6947146183,6 Quincy Point
750,Albrecht,Taggerty,ataggertykt@google.fr,dG8|J3tsZ,5881499041,8 Sullivan Circle
751,Derwin,Gilman,dgilmanku@blogtalkradio.com,tG2#(fz5g}x,4767833669,9 Miller Point
752,Bernadina,Wilce,bwilcekv@aboutads.info,"bH9""<&spv8",4227582737,7 Melody Way
753,Oona,Farenden,ofarendenkw@kickstarter.com,"xW1<+cJ,",3209170772,40009 Kings Place
754,Timothea,Carlsen,tcarlsenkx@java.com,"nL6$~0""WA`o|8+cD",9135687656,67 Cordelia Terrace
755,Ara,Oakshott,aoakshottky@google.fr,cA3?#5G97m,9707098933,8850 Forest Junction
756,Durant,Tschursch,dtschurschkz@about.me,"zS3'u@,FLaUp79*o",9625000715,0948 Dixon Hill
757,Chaddy,Ovitz,covitzl0@ovh.net,gZ3>}hUj!(ZMoIG,9556443436,80423 Grim Center
758,Pincas,McAteer,pmcateerl1@statcounter.com,vP8`A4YY2>Dq&u#,6328038097,49027 Eliot Point
759,Izabel,Godbold,igodboldl2@theatlantic.com,aC5@Nk&e2&H{,9958026317,1738 Loftsgordon Terrace
760,Jabez,Stout,jstoutl3@tinypic.com,jJ9(\\`bgte\*P,9339687878,92573 Dixon Park
761,Smitty,Aubrey,saubreyl4@ustream.tv,"hW0(ZmP*+5@u,",4532008129,8900 Columbus Road
762,Maible,Gaffey,mgaffeyl5@indiegogo.com,mO1.@DOCAn1M_MlX,8781520150,58 Ridge Oak Crossing
763,Valry,Osbourn,vosbournl6@yahoo.com,kF6_Umvvx+,5749380216,24 Columbus Pass
764,Huberto,Diem,hdieml7@ucoz.com,lM1|X~p+A,6514714949,174 Buhler Crossing
765,Lana,Narey,lnareyl8@lulu.com,fA3`Fouj_{a,8303277336,6164 Oak Avenue
766,Florencia,Tomczak,ftomczakl9@icio.us,"sF3,m4T2b`g\",8978509784,1 Northwestern Park
767,Dorree,Hinemoor,dhinemoorla@istockphoto.com,tM5\x\4ks$8kZ1a,8984429267,167 Comanche Court
768,Kylie,Gurko,kgurkolb@tripod.com,uN2@aqL7}9ZjqcK),2598832030,85563 Carioca Terrace
769,Roana,Candlin,rcandlinlc@blog.com,"nQ5,O8ajM%_ZP?",2504092262,4419 Briar Crest Way
770,Yvor,Davidovich,ydavidovichld@tuttocitta.it,"uA3!a9@0%Nr,q>_w",9078743399,84 Carey Circle
771,Roth,Kitchinghan,rkitchinghanle@pinterest.com,iL7#%S~>o~S~,8394627013,8 Declaration Plaza
772,Barbara,Kneafsey,bkneafseylf@indiatimes.com,"rE2<yq+3Q5I_W""7",2629190133,0273 Mariners Cove Parkway
773,Shauna,Emmet,semmetlg@ezinearticles.com,wQ8#FJMjoQ`{y*,6697232904,86 Farwell Road
774,Leon,Di Iorio,ldiioriolh@microsoft.com,mW5$o%'CvJ=,3435049641,7 Meadow Ridge Drive
775,Kakalina,Putnam,kputnamli@sphinn.com,"sO1.*bFlbgj,""",8334694142,0 Stang Trail
776,Jerry,Bereford,jberefordlj@hao123.com,eC4`E>`3=FmU`ae,5419797753,8212 Fulton Plaza
777,Dorella,Flatte,dflattelk@virginia.edu,tH4|Q'yX.,9954849307,11202 Karstens Avenue
778,Minette,Verlinde,mverlindell@live.com,fZ5)n<dt|,1888548592,5 Merry Circle
779,Clarke,Tatchell,ctatchelllm@usnews.com,"cO5'Xr""ZXE",9609751397,01867 Ridge Oak Center
780,Darryl,Cartmill,dcartmillln@cdc.gov,nN0*|a'5H3{,4372470204,88 Fallview Parkway
781,Todd,Freschini,tfreschinilo@privacy.gov.au,hC4|)~IB3v3}E~9',3333181972,187 Moose Place
782,Samuel,Van den Velde,svandenveldelp@reddit.com,bA2!pAjFm,6223884758,4490 Division Point
783,Nessa,Guilloneau,nguilloneaulq@weebly.com,fE4>OxA~,3939952279,069 Johnson Avenue
784,Janeczka,Grevile,jgrevilelr@furl.net,wX8+tP>VC+ug,9208456960,3234 Susan Point
785,Lee,Faircliff,lfaircliffls@merriam-webster.com,cX4)D)7mGZ,8162568557,91 Eagle Crest Hill
786,Oralle,Johansson,ojohanssonlt@theglobeandmail.com,cC0`yBYia2H3_?l,9795095687,95 Farmco Terrace
787,Melany,Dyton,mdytonlu@amazon.com,uZ8)C=>nd&I,4839314393,08032 Towne Crossing
788,Tandy,Liles,tlileslv@slideshare.net,"eO4'U)zu\P4,",9241671773,30643 Declaration Junction
789,Rosana,McTrustram,rmctrustramlw@auda.org.au,jZ1.#bLJeh,1443173958,30 Lawn Plaza
790,Alvan,Yakovl,ayakovllx@studiopress.com,kR2!c|)U,8035359604,68 Southridge Point
791,Bernita,Grinter,bgrinterly@ameblo.jp,qQ7#}*i6I&D,2495623642,7 Bobwhite Junction
792,Farly,Polden,fpoldenlz@amazon.de,sF8|%aK0tm?)Oe,4723164317,35247 Buena Vista Plaza
793,Una,Dumphrey,udumphreym0@ow.ly,wW4'!s#r@ITq046,8269371762,7 Debs Park
794,Jakie,Kirwan,jkirwanm1@mapquest.com,vU6/F0OBLb=H,7504430810,57881 Mosinee Point
795,Alric,Gledstane,agledstanem2@arstechnica.com,eY4'C*tc,8892335172,90255 Forest Dale Parkway
796,Valentin,Smuth,vsmuthm3@alexa.com,"gC2=TZUxqTT~,~_0",6089751226,823 Longview Junction
797,Alden,Ruben,arubenm4@dion.ne.jp,wP0\Z12&mTfU!C,4847523765,885 Park Meadow Point
798,Leanor,Schwier,lschwierm5@cloudflare.com,iG6$Ur'cy'M1XOb,2675917552,5 International Park
799,Natalina,Adamovich,nadamovichm6@unblog.fr,xL0%Dkdp(dy|,7958514012,0 Amoth Alley
800,Karoly,Beilby,kbeilbym7@shop-pro.jp,xP4*QGk<=7i`T\w,3729128304,05530 Hanover Park
801,Kasey,Kemble,kkemblem8@soup.io,jY0}8{0%,7559288841,420 Carioca Lane
802,Tammy,Berridge,tberridgem9@wix.com,"lU6,k#|jwoA5=3",4248341934,918 Surrey Park
803,Bud,Adenet,badenetma@google.com,dX2|Ox+Vc@MEq,2129808142,1058 Norway Maple Crossing
804,Isaac,Werndly,iwerndlymb@rakuten.co.jp,"hG1`rC6""fkB",9456426060,21159 Mccormick Court
805,Elfreda,Muirhead,emuirheadmc@livejournal.com,fP3*!bdpn.'G,5424579402,3 Arizona Parkway
806,Pate,Betz,pbetzmd@epa.gov,qJ2(JQxj,9175705325,83 Kim Parkway
807,Abbe,Gopsell,agopsellme@delicious.com,dZ0&&Zp#jeY%U#,5629604973,133 Schlimgen Court
808,Uta,Bugg,ubuggmf@bloglines.com,aP1\z<hW,9847456381,57 Butternut Lane
809,Brandtr,Gullberg,bgullbergmg@va.gov,vC2&WvN'#?b,6898450384,724 Hansons Avenue
810,Katya,Arpur,karpurmh@patch.com,wG6@z#8Cv(xFB,2105859736,305 Northview Lane
811,Chalmers,Walpole,cwalpolemi@facebook.com,"wY5=Sv)xNf""<J",5002099435,4 Lake View Point
812,Domingo,Wiggans,dwiggansmj@lulu.com,pV8>SF2W7}`c!o<,9815819798,4862 Petterle Parkway
813,Tonya,Goroni,tgoronimk@gravatar.com,sD4(yAE|%zZX,5296243362,5069 Spaight Place
814,Catina,McPartling,cmcpartlingml@hao123.com,iN5#69$ra}yU,9501059739,04809 Towne Plaza
815,Winfield,Bridle,wbridlemm@yandex.ru,"iA2#9\JeebO&n#,H",9595134669,05032 Weeping Birch Avenue
816,Marco,Visick,mvisickmn@github.com,vL8()QBFN|8,9939659917,37134 Bashford Pass
817,Angelica,Ludlamme,aludlammemo@live.com,nJ1)5}AGI,2315455326,9 Green Ridge Circle
818,Renate,Jeffcoate,rjeffcoatemp@telegraph.co.uk,tG1/axoMZ.,8007963543,4 Ramsey Road
819,Erv,Terren,eterrenmq@infoseek.co.jp,iI2+/b_uy3c$xh@4,9759715551,353 Glacier Hill Street
820,Eolande,Grimley,egrimleymr@oaic.gov.au,fR6!*fQcj&mrKp,1429207240,6 Bowman Junction
821,Hadley,Stilgo,hstilgoms@mediafire.com,"aG7`4_}C>""",9952085617,160 Lotheville Hill
822,Raquela,Dewes,rdewesmt@sohu.com,qN6!EMb&},3268808349,1 Springview Place
823,Tandi,Bausmann,tbausmannmu@berkeley.edu,"qW5$KlU,s)@0",7691004583,926 Stoughton Way
824,Pollyanna,Ashenhurst,pashenhurstmv@networksolutions.com,"hA6~i_L%!@""V",3831749160,152 School Center
825,Melany,Harbour,mharbourmw@rediff.com,aJ1#BCe<bS>!XH,9103589798,99965 Hallows Road
826,Thorn,McKim,tmckimmx@state.tx.us,"bZ6,s|7L/`QLfCp",2734006672,207 Artisan Parkway
827,Marleen,Persey,mperseymy@google.cn,cH7#L%31,7004686419,18 Victoria Plaza
828,Arther,Count,acountmz@addtoany.com,wR6_mq_a,2001732457,9509 Anthes Park
829,Eldon,Podbury,epodburyn0@odnoklassniki.ru,rH9\UAz6&4_Q2Nw,1247700311,71258 Lotheville Way
830,Che,Cratchley,ccratchleyn1@bravesites.com,nN3.jfwFg#6_Ag,5777732392,537 Nobel Avenue
831,Halli,O'Caine,hocainen2@hibu.com,rF7\biw1ql72J>n,2698172646,67757 Parkside Plaza
832,Dasi,Whitman,dwhitmann3@springer.com,"sL6"")!~o",6197470417,3 Colorado Trail
833,Emlyn,Dosedale,edosedalen4@businessweek.com,zZ3}QdfP)T(<,4956917553,6 Briar Crest Way
834,Jen,Bras,jbrasn5@nsw.gov.au,kY5%~z5W),5212065343,7787 Arrowood Hill
835,Daphene,Kinvig,dkinvign6@sciencedirect.com,yQ8'UHZ>x,7841193930,2 Loeprich Trail
836,Kare,Habert,khabertn7@e-recht24.de,"wB8}Lt'ZnI(>""_",7737295889,460 Prairie Rose Park
837,Kayle,Parrin,kparrinn8@google.de,zR1\h>*},6252155355,3 Blaine Park
838,Brewster,McLugish,bmclugishn9@discovery.com,oY8>fe5ahoE,1995118213,43 Express Parkway
839,Mandel,Ubsdall,mubsdallna@last.fm,rC3$'#3niNJ|}%V,5856034895,664 Cherokee Alley
840,Aluino,Kleinberer,akleinberernb@msu.edu,vI7\?@P&pNE'Sl|,6889722312,178 Melody Hill
841,Anthea,Haylett,ahaylettnc@stanford.edu,nO0_f(eJU,4788312228,6351 Del Sol Junction
842,Cammy,Klas,cklasnd@ted.com,sY3'}{SY0Nl*#,9622431972,51 Muir Circle
843,Goober,Thirsk,gthirskne@economist.com,iT9#Gd|6u6f,8628249041,01755 Spenser Parkway
844,Edan,Shewery,eshewerynf@google.com.au,oV6'>?IZ8,8419231729,38716 Nevada Point
845,Tracey,Taffarello,ttaffarellong@infoseek.co.jp,"cR1#>""0vm%RXSup",5162811016,61337 Hauk Drive
846,Eleanore,Petricek,epetriceknh@intel.com,"sE0`w?L,e&9",6642330119,5606 Thierer Drive
847,Stern,Babon,sbabonni@addtoany.com,rP5(ZB@p*c|,2352372489,8326 Lakewood Gardens Junction
848,Mirelle,Stewart,mstewartnj@wordpress.com,"xE7+h""#<#B+*A*tH",4436124628,63 Havey Alley
849,Rog,Chillcot,rchillcotnk@sbwire.com,dD6|{aW~}c0,7611838973,66194 Monica Terrace
850,Gibbie,Denziloe,gdenziloenl@multiply.com,sV8`=`sR6DB&A7c,1192201785,02 Mockingbird Plaza
851,Pauli,Bamlett,pbamlettnm@admin.ch,tX7%SYBP,8756131718,1 Killdeer Plaza
852,Averyl,Kauffman,akauffmannn@blogspot.com,"zF7,C3/2J@",1029777483,914 Browning Road
853,Aurelia,Sibbson,asibbsonno@delicious.com,dQ3>I?AlOu45+ID8,1136309703,7 Cottonwood Center
854,Alisha,Bootyman,abootymannp@parallels.com,mZ8)9oCYJgSzB`K$,4302930105,43 Manitowish Park
855,Salim,Kenshole,skensholenq@un.org,qZ4{8F&lTe2J,8414624321,928 Lotheville Plaza
856,Rachael,Gentreau,rgentreaunr@cmu.edu,hU0'WA.Gt3/Qlk,9311462896,9900 Forest Dale Drive
857,Carlene,Wearne,cwearnens@aol.com,dF1<xM04{v&,5357491674,39978 Fair Oaks Court
858,Tammara,Lukehurst,tlukehurstnt@microsoft.com,oL7+J75?Bxs)S,4122005394,0752 Bluejay Avenue
859,Maxy,Trippitt,mtrippittnu@diigo.com,dA3|(Z}iP!,9632282768,25 Memorial Crossing
860,Sella,Skace,sskacenv@wikia.com,"zI3,5JEJ)QW/",2659787864,3 Monterey Circle
861,Herman,Rock,hrocknw@intel.com,"wB0""Z+lBIdH",7908178909,596 Sauthoff Road
862,Ingamar,Tureville,iturevillenx@360.cn,kJ8&RgtK6,7065137158,4 Fisk Point
863,Hedwiga,de Mullett,hdemullettny@soup.io,hO0%aZ~3TM0i1M,3448573337,96745 Prairie Rose Court
864,Valina,Irvin,virvinnz@npr.org,qM9&/5y)O5h,8659557578,7018 Paget Lane
865,Ethelyn,Westoff,ewestoffo0@theglobeandmail.com,hN4)Uh27T&8$&~,2764962839,100 Bluestem Circle
866,Ileane,Pisco,ipiscoo1@patch.com,kI9.gvy=s|%,9336006902,9 American Circle
867,Corry,Corrie,ccorrieo2@lulu.com,"tQ6#W}+N#H,",6442920976,5208 Judy Plaza
868,Bertie,Boldry,bboldryo3@thetimes.co.uk,dJ8>s$4eWL%,9093346427,50 Buhler Drive
869,Demetris,Armytage,darmytageo4@addthis.com,"oS8>(0{Jsv""CT/",1329515559,09585 Pearson Center
870,Leonardo,Nevitt,lnevitto5@va.gov,sV2%Ec+bY=ji5,6901992781,424 Debs Hill
871,Anne-marie,Vaudin,avaudino6@ocn.ne.jp,eM3=qG4SF4,2429627549,193 Loftsgordon Court
872,Nonie,Rozet,nrozeto7@typepad.com,lA4/COMX`Lz\)3NE,9224226977,0403 Prairie Rose Trail
873,Alene,Pinnere,apinnereo8@upenn.edu,"uK5=""(+`o3\rr",6247244103,7 Sunbrook Trail
874,Gasper,Bussel,gbusselo9@unicef.org,"mJ5}gPo,t~",9198665822,5222 Bluejay Plaza
875,Dominique,Grasser,dgrasseroa@parallels.com,rV6(|/c/P(=,5867446351,0369 Northwestern Street
876,Theressa,Goodrick,tgoodrickob@dailymotion.com,sY0+1p69@,2834915685,0982 Dakota Terrace
877,Erich,Yarn,eyarnoc@mlb.com,"fB5""Te+MnoX>6",5063080545,16155 Walton Plaza
878,Oneida,Whiff,owhiffod@stanford.edu,mH2}KhpQu,9348248796,613 Independence Street
879,Curcio,Benterman,cbentermanoe@guardian.co.uk,"zJ4|O9ba!,$Csd=?",4317732269,12 Mcbride Trail
880,Carlyn,Loseby,closebyof@freewebs.com,"jV1%x7""Zx(P$G+(Q",2756948701,61037 Sunfield Crossing
881,Sheryl,Ellicock,sellicockog@php.net,cZ7)\haW,4976279807,53578 Hanson Street
882,Adiana,Ashbee,aashbeeoh@odnoklassniki.ru,lO8<+K_!,6392800650,4147 Golden Leaf Crossing
883,Edee,Bewicke,ebewickeoi@godaddy.com,iS2|}x0A6zO|!y1l,3146008854,1 Kingsford Plaza
884,Leesa,Artin,lartinoj@bigcartel.com,zJ0.@_pE}i9,3302734060,20 Pennsylvania Road
885,Lucho,Lilleman,llillemanok@ehow.com,"dZ3""U7ZDV.cW)",2835240656,0321 Caliangt Parkway
886,Nobie,Jereatt,njereattol@reuters.com,kG8'||/N,4232709439,9281 John Wall Center
887,Moe,Spaunton,mspauntonom@abc.net.au,rA0$wX&jOi=8>',9033942954,423 Marquette Alley
888,Eugene,Oppie,eoppieon@last.fm,nV2>'E'rp$,6433956784,588 Kedzie Drive
889,Alisha,Renard,arenardoo@phpbb.com,"dT6*,>EXH",7154956098,59452 Oxford Drive
890,Arleen,Kobpac,akobpacop@google.de,"jL2(B}%\ku,gN,r",6249455602,93 Green Place
891,Pebrook,Nancekivell,pnancekivelloq@diigo.com,iO9_bUOSGG,9563680522,1506 Park Meadow Junction
892,Clifford,Sparkwill,csparkwillor@twitpic.com,"cM6(Q62Z""+h01""P3",5317467681,32317 Stang Road
893,Johan,Philippet,jphilippetos@seesaa.net,"sC4.,Hb~Y)",3829081238,4 Granby Hill
894,Chalmers,Prophet,cprophetot@php.net,"uJ5`R7t,$`gyC",9209500987,81577 1st Avenue
895,Kristen,Leishman,kleishmanou@hexun.com,pO7%<|@bP%xU,3958811612,3001 Harper Alley
896,Junina,Haysey,jhayseyov@techcrunch.com,kE6$3gBq(#$,4626710137,89984 Butternut Terrace
897,Lyon,Scarff,lscarffow@noaa.gov,"xS5&oUrTZ,X0",5299725563,4665 Acker Lane
898,Shalom,Baldinotti,sbaldinottiox@ibm.com,cY7*1.3`8@,4712761617,159 Everett Point
899,Wendi,Hallward,whallwardoy@yahoo.com,"hK8&V+""~?Fy",9094987381,1695 Laurel Way
900,Travis,Eisikowitch,teisikowitchoz@sogou.com,oW2~YHjMV,4113354400,50510 Orin Junction
901,Vincents,Haughin,vhaughinp0@yolasite.com,"mM5""\!'pcy(",4261609621,8 Carpenter Park
902,Bennie,Hentze,bhentzep1@go.com,mF1*2ny#j,5785921446,8284 Helena Park
903,Nial,Sheircliffe,nsheircliffep2@jimdo.com,xH3?3Kt7/bV(U\,9447376362,37046 Northwestern Crossing
904,Terrell,Houndson,thoundsonp3@yellowbook.com,kZ8%?$u'n(v2dVq,8995921752,5 Clyde Gallagher Place
905,Belia,Vauls,bvaulsp4@businessinsider.com,aM8+cDb+45hmH@J9,1554958897,01437 Tennyson Trail
906,Waldo,Cumine,wcuminep5@patch.com,fP6=Yzim,3323856680,8815 Farmco Plaza
907,Deina,De Bruijn,ddebruijnp6@tiny.cc,iD1'qB&`Ga,4488026503,40 Towne Parkway
908,Humfrey,Spaughton,hspaughtonp7@reference.com,hX5%)vu|Y,6378938759,02830 Morrow Junction
909,Jorge,Pook,jpookp8@disqus.com,rL8#DDt1(,9517884362,7 Annamark Center
910,Tobe,Ravens,travensp9@freewebs.com,eZ5=+~E5jth$JyFJ,9718607370,58 Sundown Parkway
911,Berni,Janowicz,bjanowiczpa@cbsnews.com,mH7#!*JP_S\=,2821639285,4 Novick Lane
912,Cacilia,Beecroft,cbeecroftpb@domainmarket.com,oL0#)vQT|Z,7072792229,12 Hanson Park
913,Ginelle,Bowcher,gbowcherpc@umn.edu,"lP9&,gL?",2665731136,1507 Declaration Center
914,Hayes,Voce,hvocepd@latimes.com,wT4%X'`x(gg,7722736462,24 Arkansas Pass
915,Jeromy,Monget,jmongetpe@salon.com,sX9@vtm7\,1037016224,060 Transport Pass
916,Leeann,Pedican,lpedicanpf@omniture.com,yY7)uD1V53!zk,8757631837,1 Annamark Place
917,Karolina,Jerdan,kjerdanpg@flickr.com,"aM4,O/yI|C",9781415822,2628 Pennsylvania Alley
918,Janine,Ryding,jrydingph@ftc.gov,"eW5<36dEIf""",4769005947,7 Londonderry Point
919,Hadlee,Guenther,hguentherpi@soup.io,"cZ3+J0"">",3229757389,98212 Maryland Center
920,Rodi,Nesey,rneseypj@slate.com,"fE4+w=,BqcA$+"")",9971673446,18 Roth Alley
921,Paule,Marlowe,pmarlowepk@parallels.com,"eG1,a""wo9.+Bv",2389991104,9402 Esch Way
922,Arvie,Corless,acorlesspl@1688.com,jU7*R}*&{l$c,2029380020,51003 Forest Avenue
923,Nikolaus,Biskupski,nbiskupskipm@tuttocitta.it,fV0(@|G|dT`kn{,5097020271,00 Northfield Place
924,Melisenda,Bushill,mbushillpn@java.com,lA5''X'Rhz,3882940704,33458 Maywood Center
925,Babb,Winkless,bwinklesspo@pbs.org,nB7\hcR\i,3241374010,373 Southridge Crossing
926,Lurline,Tschersich,ltschersichpp@mapquest.com,"hR9*,,\$!",2047419243,1380 Novick Pass
927,Carolann,Gothard,cgothardpq@adobe.com,"gB4)jyxA""EU",7419122709,9 Crest Line Hill
928,Thacher,Edelheid,tedelheidpr@senate.gov,"uX4,iS67|7*Y!A=",8359070538,39778 Kings Way
929,Salomo,Spellacy,sspellacyps@bigcartel.com,nS7`@qe*m,8387771996,087 Roth Drive
930,Amalle,Strodder,astrodderpt@princeton.edu,jB9|4Vmd25)U,1886078394,52 Drewry Hill
931,Marlo,Campione,mcampionepu@nhs.uk,"rY7!@`""pmoV,QS?Y",8841489609,45 Armistice Junction
932,Conni,Eadon,ceadonpv@dmoz.org,rN2~8fln~wV)Z,7936590410,3 Lakewood Gardens Trail
933,Derward,Huertas,dhuertaspw@about.com,iC6'6S#&h'jV7a,3198783022,0 Mosinee Pass
934,Leta,Pendrigh,lpendrighpx@parallels.com,gW9~D@Aiw,1046303046,76 Vidon Center
935,Bettine,McColgan,bmccolganpy@cyberchimps.com,kZ8$U7d3*oP*R,6285990787,77 Pine View Junction
936,Milton,Deakins,mdeakinspz@meetup.com,tW2(!K4Vk|HcG=,6536282216,5 Kenwood Junction
937,Salomo,Shellshear,sshellshearq0@addthis.com,"iB5""#ywl&",7307813828,26479 Muir Way
938,Mickie,Fallawe,mfallaweq1@live.com,"sZ8""n_R4&\TWz$&",1696339525,494 Michigan Hill
939,Colene,Luckman,cluckmanq2@nyu.edu,"hU7,0{~GE6`xdG2Y",8368994027,743 Morrow Point
940,Leontine,Bullick,lbullickq3@wufoo.com,kL4$Wn'l.E@}Dg,9343557438,5531 Jay Court
941,Mose,Edlin,medlinq4@people.com.cn,yE3`iH=7px_v,6763474743,015 Huxley Way
942,Kele,Evershed,kevershedq5@wired.com,yD6<3psg{7%{j~Yg,3663676927,556 Lillian Road
943,Carline,Severn,csevernq6@prweb.com,eJ5'U/e?f!,1978448453,8654 Roxbury Drive
944,Sammie,Drees,sdreesq7@oakley.com,"uH5%uE"")I",6706769557,6943 Blue Bill Park Court
945,Sileas,Bellow,sbellowq8@cdbaby.com,"lL3~2/G78F,",2434826747,43540 Maryland Pass
946,Eugenia,Heber,eheberq9@discovery.com,zL1'lco\h.#D0,1595322737,460 Roth Trail
947,Vale,Josland,vjoslandqa@ameblo.jp,"sZ3""$ql>\6MKz",1319442716,71165 Burning Wood Crossing
948,Amos,Farney,afarneyqb@mac.com,fM5#cw'33gK4Qm8x,8244585392,3 Straubel Court
949,Ibby,Stow,istowqc@unesco.org,aE5?znqN%8_mFQI,8359903077,04 John Wall Hill
950,Gian,Treverton,gtrevertonqd@blogtalkradio.com,jI2'Uz>WZ49.P48,7969785991,6936 Riverside Pass
951,Gregory,Kalvin,gkalvinqe@irs.gov,sC8!<.ayK,6298400013,587 Mesta Road
952,Dulci,Murtimer,dmurtimerqf@princeton.edu,nP5&7sC8NBRJ}ya$,3502788415,38630 Prairie Rose Way
953,Ilysa,Thulborn,ithulbornqg@nsw.gov.au,wZ4<+DGNrEGe,1861605439,32844 Dorton Center
954,Dimitry,Cawthorn,dcawthornqh@gov.uk,qN8'tc<D=,1351570568,8 Westend Circle
955,Bengt,Kryska,bkryskaqi@blogs.com,"xN3$F,pbt)<~#",8625352115,80 Emmet Circle
956,Mitchell,Pardal,mpardalqj@utexas.edu,cN3@=xcWf,5275981865,4960 Union Way
957,Pavla,Ixer,pixerqk@oakley.com,zF8@4e7kEBIuK#,7303392496,77328 Rusk Way
958,Wittie,Soigne,wsoigneql@geocities.jp,pS7+`ih@,9664036978,44 Cherokee Way
959,Bertie,Whipp,bwhippqm@theatlantic.com,sM5=eBx|',8373753872,9 Declaration Circle
960,Llywellyn,Simonazzi,lsimonazziqn@walmart.com,"nA6,mMDp",8891624904,6228 Schiller Road
961,Francois,Jehu,fjehuqo@sun.com,bO8{F<p/2@=RXYa,6863350234,76029 Becker Place
962,Morgana,Cranch,mcranchqp@reference.com,nZ1!>z%'YUhUx',8671117462,0481 Gina Center
963,Arley,Gladdin,agladdinqq@comcast.net,xW1.b}Vt#N,6019352545,9959 Sage Junction
964,Merola,Saddler,msaddlerqr@wordpress.com,tQ8=/*$TY$zI,5836262900,394 Gina Lane
965,Filmore,Shorto,fshortoqs@w3.org,oX7)Q2M*4FBxt,3506778319,3 Moulton Hill
966,Stacie,Bendley,sbendleyqt@google.it,fE8)QzBTfD_$,1524990034,09 Marquette Parkway
967,Crystie,Kemmer,ckemmerqu@cnn.com,rF5|}x5Ag3(kqTB,7226418034,60111 Ohio Court
968,Catlee,Matzaitis,cmatzaitisqv@youku.com,pC1}6tbQcpn,7197574127,8359 Hoepker Terrace
969,Dierdre,Caston,dcastonqw@wikimedia.org,dT2||!U_,9808786763,88817 Mayfield Parkway
970,Peggie,Gierhard,pgierhardqx@cdbaby.com,xL0=C5eG,2498040380,20 Westport Lane
971,Ysabel,Tortice,ytorticeqy@livejournal.com,"jB8$4|+D51~,CtI",1332372026,5 Mandrake Center
972,Teresita,Rochester,trochesterqz@va.gov,pV1=|F}\}0p5,8122085212,852 Butternut Avenue
973,Danica,Garlant,dgarlantr0@noaa.gov,uP5>KM~MO{/,4196683493,018 Texas Trail
974,Skipton,Everingham,severinghamr1@geocities.jp,hR1>?!BW!TV,8347883008,9827 Atwood Pass
975,Una,Humbie,uhumbier2@intel.com,dU3_=x5?).F),1548274202,7239 Shopko Terrace
976,Nigel,Garrood,ngarroodr3@answers.com,hZ0}6t#f\}nM4,4325264198,2637 Cascade Terrace
977,Arney,Woolward,awoolwardr4@umich.edu,jX3|#nZ0+2Bf|HE,4019091303,13724 Ramsey Drive
978,Tate,Gold,tgoldr5@amazon.de,wA3`IrOtgmGk0Fq,7899318915,9 Beilfuss Place
979,Sergio,Isworth,sisworthr6@histats.com,lO3}CV|cv=WDHy,7319656901,1271 Nobel Parkway
980,Henri,Baitey,hbaiteyr7@chron.com,cN1(_4+WQI0,6705399861,71 Susan Plaza
981,Gare,Buttery,gbutteryr8@hostgator.com,jX6_Qq/<O.}g6'uE,1202729060,63 Lukken Trail
982,Alina,O'Hannen,aohannenr9@microsoft.com,xX1?mgmc{f~1KA?s,2303382475,6203 Glendale Pass
983,Suellen,Jewise,sjewisera@toplist.cz,yH8*MXffue7<<k9,8665926025,17549 Dwight Place
984,Bjorn,Fores,bforesrb@bloglovin.com,"qL8,zdBqoj",4648881927,37 Logan Drive
985,Lamar,O'Fihillie,lofihillierc@biblegateway.com,pB6}oRP}b}5Ubaf),3755447972,4 Artisan Lane
986,Levon,Wilfing,lwilfingrd@mac.com,dN0&MOYF}vh0I{E,1706783674,385 Mcbride Pass
987,Lenore,Fullalove,lfullalovere@cam.ac.uk,iJ2=+/\*8JP&,3721631562,9295 Porter Way
988,Pat,Halgarth,phalgarthrf@oakley.com,pE8%1W@k_LRnC#,9579604699,5 Briar Crest Park
989,Noelle,Chellam,nchellamrg@reference.com,"hR7&""ra/QwZJ_Tp4",3654914273,0358 Lyons Hill
990,Tristam,Cund,tcundrh@jigsy.com,sB1!`w4'_p(&5S|,3504375419,458 Sachs Plaza
991,Artemis,Bygrave,abygraveri@multiply.com,"tA4*Plzg6E,~_9WT",4208279241,26618 Chinook Street
992,Martainn,Fireman,mfiremanrj@goo.ne.jp,yX9~)LCQ/H!ej,7358731262,92993 Kinsman Parkway
993,Dorthy,Ekless,deklessrk@vk.com,nS9+j'8CG,7367875225,09378 Lukken Hill
994,Nicoli,Veel,nveelrl@tripod.com,dK4@IuqG)fuBwD,8922231915,113 Declaration Plaza
995,Gilligan,Blumire,gblumirerm@paypal.com,zA4|dWDHWN,5916636145,8 Knutson Street
996,Bertrand,Carne,bcarnern@blog.com,aN6.3AH0L?n,1945411773,3553 American Crossing
997,Mattie,Josefowicz,mjosefowiczro@ca.gov,dX9{XeD@9,4044384519,85490 Anthes Hill
998,Mary,Hyland,mhylandrp@time.com,sB0$oBFc4X,2718212137,10 Caliangt Junction
999,Isac,Dunstan,idunstanrq@is.gd,jM6\8b.rQMKyx`4,5645745095,498 Banding Junction
1000,Donna,Mangon,dmangonrr@google.com,vQ2\W/#!q!,4621336888,3943 Kingsford Hill
